BurrowsWheeler.BWT
BurrowsWheeler.BWT_SA_Corres
Pure
AutoCorres2.ML_Fun_Cache
AutoCorres2.MkTermAntiquote
AutoCorres2.TermPatternAntiquote
SpecCheck.SpecCheck_Show
SpecCheck.SpecCheck_Base
SpecCheck.SpecCheck_Output_Style
SpecCheck.SpecCheck_Generators
SpecCheck.SpecCheck_Shrink
SpecCheck.SpecCheck
SpecCheck.SpecCheck_Dynamic
Refine_Imperative_HOL.User_Smashing
Auto2_HOL.Auto2_Setup
Tools.Code_Generator
ML_Unification.Setup_Result_Commands
ML_Unification.ML_Conversion_Utils
ML_Unification.ML_Normalisations
ML_Unification.ML_Term_Index
ML_Unification.ML_Generic_Data_Utils
ML_Unification.ML_General_Utils
ML_Unification.ML_Binders
ML_Unification.ML_Term_Utils
ML_Unification.ML_Attribute_Utils
ML_Unification.ML_Code_Utils
ML_Unification.ML_Attributes
ML_Unification.ML_Parsing_Utils
ML_Unification.ML_Unification_Parsers
ML_Unification.ML_Functor_Instances
ML_Unification.ML_Costs_Priorities
ML_Unification.ML_Method_Utils
ML_Unification.ML_Logger
ML_Unification.ML_Theorem_Utils
ML_Unification.ML_Unification_Base
ML_Unification.ML_Tactic_Utils
ML_Unification.ML_Unifiers_Base
ML_Unification.ML_Unification_Hints_Base
ML_Unification.Simps_To
ML_Unification.ML_Unifiers
ML_Unification.ML_Unification_Hints
ML_Unification.Unify_Assumption_Tactic_Base
ML_Unification.Unify_Resolve_Tactics_Base
ML_Unification.Unify_Assumption_Tactic
ML_Unification.Unify_Resolve_Tactics
ML_Unification.Unify_Fact_Tactic_Base
ML_Unification.Unify_Fact_Tactic
ML_Unification.Unification_Attributes_Base
Zippy.Generic_Term_Index_Data
Zippy.Zippy_Base_Setup
Zippy.Zippy_Loggers
Zippy.Zippy_Runs_Base
Zippy.Extended_Simp_Data
Zippy.ML_Zipper_Directions
Zippy.ML_Union_Find
Zippy.ML_Args_Antiquotations
Zippy.ML_Eval_Antiquotation
Zippy.Zippy_Actions_Base
Zippy.Zippy_Action_Applications_Base
Zippy.ML_IMap_Antiquotation
Zippy.Gen_ML_Typeclasses_Base
Zippy.ML_Gen_Zippers_Base
Zippy.ML_Typeclasses_Base
Zippy.ML_Bi_Typeclasses
Zippy.ML_Lists
Zippy.ML_Categories
Zippy.ML_ITypeclasses_Base
Zippy.ML_ICategories
Zippy.ML_Lenses
Zippy.ML_State_Base
Zippy.ML_Coroutines
Zippy.Generic_Table_Data
Zippy.ML_Gen_Zippers_Setup
Zippy.Zippy_Shows
Zippy.ML_Morphs
Zippy.Zippy_Exceptions
Zippy.Zippy_Coroutines
Zippy.Zippy_ML_Tactic_Utils
Zippy.Cases_Tactics
Zippy.Zippy_Identifiers
Zippy.Context_Parsers
Zippy.Zippy_Goals_Base
Zippy.Zippy_Goal_Pos_Updates_Base
Zippy.Zippy_Tactics_Base
Zippy.ML_Structured_Lenses
Zippy.ML_Zippers
Zippy.ML_Linked_Zippers
Zippy.ML_Alternating_Zippers
Zippy.ML_Zipper_Utils
Zippy.ML_Alternating_Zipper_Nodes
Zippy.ML_Alternating_Zipper_Utils
Zippy.ML_Zipper_Positions
Zippy.ML_Zipper_Instances
Zippy.ML_Zipper_Position_Utils
Zippy.ML_State
Zippy.Zippy_Seqs
Zippy.Zippy_States
Zippy.ML_Priority_Queues
Zippy.Zippy_Base
Zippy.Zippy_Enums
Zippy.Zippy_Action_Clusters
Zippy.Zippy_Action_Applications
Zippy.Zippy_Tactics
Zippy.Zippy_Nodes
Zippy.Zippy_Lists_Base
Zippy.Zippy_Collect
Zippy.Zippy_Lists_Collect
Zippy.Zippy_Actions
Zippy.ML_Alternating_Zipper_Instances
Zippy.ML_Alternating_Zipper_Paths
Zippy.Zippy_Positions
Zippy.Zippy_Goals
Zippy.Zippy_Actions_Positions
Zippy.Zippy_Lists_Positions
Zippy.Zippy_Goal_Pos_Updates
Zippy.Zippy_Lists_Positions_Collect
Zippy.Zippy_Lists_Goals
Zippy.Zippy_Runs
Zippy.Zippy_Lists_Goal_Pos_Updates
Zippy.Zippy_Instance
Zippy.Zippy_Instance_Hom_Changed_Goals_Data
Zippy.Zippy_Instance_Subst
Zippy.Zippy_Instance_Simp
Zippy.Zippy_Instance_Resolve
Zippy.Zippy_Instance_Resolves_Simp
Zippy.Zippy_Instance_Cases
Zippy.Zippy_Instance_Pure
Zippy.Zip_Pure
Pure-ex.Def
Pure-ex.Alternative_Headings
Pure-ex.Guess
Isar_Ref.Base
HOL.Try0
IFOL
HOL.HOL
ML_Unification.ML_Unification_HOL_Setup
Zippy.Cases_Tactics_HOL
Auto2_HOL.Auto2_HOL_Extra_Setup
Zippy.Extended_Blast_Data
Zippy.Induction_Tactics
Zippy.Zippy_Instance_Induction
Zippy.Zippy_Instance_Classical
Zippy.Zip_HOL
HOL-Matrix_LP.Compute_Oracle
HOL-Eisbach.Eisbach
HOL-Eisbach.Eisbach_Old_Appl_Syntax
HOL-Eisbach.Eisbach_Tools
Zip_Benchmarks.Zip_Benchmarks_Setup
HOL.Orderings
HOL-TPTP.TPTP_Parser
Conditional_Transfer_Rule.IML_UT
FOL
Transport.Predicates_Order
Transport.HOL_Basics_Base
Transport.Functions_Restrict
Transport.HOL_Syntax_Bundles_Base
Transport.HOL_Syntax_Bundles_Orders
HOL.Argo
HOL-Prolog.HOHH
HOL-Prolog.Func
HOL.Ctr_Sugar
HOL.SAT
HOL.Groups
Transport.HOL_Syntax_Bundles_Groups
HOL.Lattices
Transport.HOL_Syntax_Bundles_Lattices
ZF.ZF_Base
ZF.upair
ZF.pair
ZF.equalities
ZF.Fixedpt
ZF.Bool
ZF.Sum
ZF.func
ZF.QPair
ZF.Perm
ZF.Trancl
ZF.WF
ZF.Order
ZF.EquivClass
ZF.Ordinal
ZF.OrdQuant
ZF.Nat
ZF.Inductive
ZF.Epsilon
ZF.Finite
ZF.OrderArith
ZF.OrderType
ZF.Cardinal
ZF.Univ
ZF.Arith
ZF.ArithSimp
ZF.QUniv
ZF.Datatype
ZF.List
ZF.Int
ZF.Bin
ZF.IntDiv
ZF.CardinalArith
HOL.Boolean_Algebras
Transport.Predicates_Lattice
Transport.Bounded_Quantifiers
Transport.Bounded_Definite_Description
Transport.Binary_Relation_Functions
Transport.Functions_Base
Transport.Binary_Relations_Order_Base
Transport.Functions_Surjective
Transport.Predicate_Functions
Transport.Predicates
Transport.Reverse_Implies
Transport.Binary_Relations_Lattice
Transport.Function_Relators
Transport.Transport_Implies
Transport.Functions_Monotone
Transport.Functions_Injective
Transport.Binary_Relations_Irreflexive
Transport.Binary_Relations_Injective
Transport.Binary_Relations_Transitive
Transport.Binary_Relations_Connected
Transport.Binary_Relations_Left_Total
Transport.Binary_Relations_Agree
Transport.Dependent_Binary_Relations
Transport.Binary_Relations_Extend
Transport.Binary_Relations_Symmetric
Transport.Binary_Relations_Surjective
Transport.Binary_Relations_Bi_Total
Transport.Binary_Relations_Reflexive
Transport.Binary_Relations_Antisymmetric
Transport.Binary_Relations_Asymmetric
Transport.Strict_Partial_Orders
Transport.Binary_Relations_Right_Unique
Transport.Binary_Relations_Function_Evaluation
Transport.Binary_Relations_Bi_Unique
Transport.Binary_Relations_Function_Base
Transport.Binary_Relations_Clean_Functions
Transport.Functions_Inverse
Transport.Binary_Relations_Function_Extend
Transport.Transport_Universal_Quantifier
Transport.Transport_Existential_Quantifier
Transport.Binary_Relations_Least
Transport.Binary_Relations_Transitive_Closure
Transport.Preorders
Transport.Partial_Orders
Transport.Linear_Orders
Transport.Strict_Linear_Orders
Transport.Binary_Relations_Function_Lambda
Transport.Order_Functions_Base
Transport.Order_Functors_Base
Transport.Galois_Base
Transport.Galois_Relator_Base
Transport.Galois_Relator_Syntax
Transport.Closure_Operators
Transport.Binary_Relations_Order
Transport.Binary_Relations_Wellfounded
Transport.Binary_Relation_Properties
Transport.Wellorders
Transport.Wellfounded_Transitive_Recursion
Transport.Wellfounded_Recursion
Transport.Functions_Bijection
Transport.Function_Properties
Transport.LFunctions
Transport.Partial_Equivalence_Relations
Transport.Equivalence_Relations
Transport.Order_Equivalences
Transport.Half_Galois_Property
Transport.Galois_Property
Transport.Galois_Connections
Transport.Restricted_Equality
Transport.Transport_Equality
Transport.Binary_Relations_Graph
Transport.Binary_Relations_Function_Composition
Transport.Galois_Equivalences
Transport.Galois_Relator
Transport.Reflexive_Relator
Transport.Monotone_Function_Relator
Transport.Transport_Base
Transport.Transport_Compositions_Agree_Base
Transport.Transport_Compositions_Agree_Galois_Relator
Transport.Transport_Compositions_Agree_Monotone
Transport.Transport_Compositions_Agree_Order_Equivalence
Transport.Transport_Bijections
Transport.Binary_Relations_Functions
Transport.Transport_Compositions_Generic_Base
Transport.Transport_Compositions_Generic_Order_Base
Transport.Transport_Compositions_Generic_Galois_Property
Transport.Transport_Compositions_Generic_Galois_Relator
Transport.Transport_Identity
Transport.Order_Isomorphisms
Transport.Order_Functors
Transport.Transport_Functions_Base
Transport.Transport_Functions_Order_Base
Transport.Transport_Functions_Monotone
Transport.Transport_Functions_Galois_Property
Transport.Transport_Functions_Galois_Connection
Transport.Transport_Functions_Galois_Equivalence
Transport.Transport_Functions_Relation_Simplifications
Transport.Transport_Functions_Galois_Relator
Transport.Transport_Compositions_Generic_Monotone
Transport.Transport_Compositions_Generic_Order_Equivalence
Transport.Transport_Compositions_Generic_Galois_Connection
Transport.Transport_Compositions_Generic_Galois_Equivalence
Transport.Transport_Compositions_Agree_Galois_Property
Transport.Transport_Compositions_Agree_Galois_Connection
Transport.Transport_Compositions_Agree_Galois_Equivalence
Transport.Transport_Compositions_Agree
Transport.Galois_Equivalent
Transport.Galois
Transport.Transport_Compositions_Generic
Transport.Transport_Compositions
Transport.Binary_Relations_Reflexive_Closure
Transport.LBinary_Relations
Transport.Transport_Functions_Order_Equivalence
Transport.Transport_Functions
Transport.Transport_Galois_Relator_Properties
Transport.Transport_Black_Box
Transport.Transport_Rel_If
Transport.Transport_Prototype
Transport.Transport_White_Box
Transport.Transport
Transport.Order_Functions
Transport.Orders
ZF
ZF.AC
ZF.Zorn
ZF.Cardinal_AC
ZF-Constructible.MetaExists
ZF-Constructible.Normal
ZF-Constructible.Reflection
ZF-Constructible.Relative
ZF-Constructible.Wellorderings
ZF-Constructible.Formula
ZF-Constructible.L_axioms
ZF-Constructible.WFrec
ZF-Constructible.WF_absolute
ZF-Constructible.Rank
ZF-Constructible.Datatype_absolute
ZF-Constructible.Internalize
ZF-Constructible.Separation
ZF-Constructible.Rec_Separation
ZF-Constructible.Satisfies_absolute
ZF-Constructible.DPow_absolute
Forcing.Recursion_Thms
Forcing.Nat_Miscellanea
Forcing.Internalizations
Forcing.Relative_Univ
Forcing.Pointed_DC
Forcing.Forcing_Notions
Forcing.Renaming
Forcing.Utils
Forcing.Synthetic_Definition
Forcing.Interface
Forcing.Separation_Rename
Forcing.Renaming_Auto
Forcing.Forcing_Data
Forcing.Names
Forcing.Extensionality_Axiom
Forcing.Least
Forcing.Foundation_Axiom
Forcing.Pairing_Axiom
Forcing.Union_Axiom
Forcing.Proper_Extension
Forcing.Internal_ZFC_Axioms
Forcing.FrecR
Forcing.Arities
Forcing.Forces_Definition
Forcing.Succession_Poset
Forcing.Forcing_Theorems
Forcing.Separation_Axiom
Forcing.Infinity_Axiom
Forcing.Replacement_Axiom
Forcing.Powerset_Axiom
Forcing.Choice_Axiom
Forcing.Ordinals_In_MG
Transitive_Models.M_Basic_No_Repl
Transitive_Models.Eclose_Absolute
Transitive_Models.Datatype_absolute
Transitive_Models.Recursion_Thms
Transitive_Models.Internalize
Transitive_Models.Utils
Transitive_Models.Synthetic_Definition
Transitive_Models.Rec_Separation
Transitive_Models.Satisfies_absolute
Transitive_Models.DPow_absolute
HOL.Set
Transport.HOL_Mem_Of
HOL.Typedef
HOL.Fun
Transport.HOL_Syntax_Bundles_Functions
Delta_System_Lemma.ZF_Library
Delta_System_Lemma.Cofinality
Transitive_Models.Nat_Miscellanea
Transitive_Models.ZF_Miscellanea
Transitive_Models.Renaming
Transitive_Models.Renaming_Auto
Delta_System_Lemma.Cardinal_Library
Delta_System_Lemma.Delta_System
Transitive_Models.Internalizations
Transitive_Models.Least
Independence_CH.Forcing_Notions
Independence_CH.Edrel
Transitive_Models.Higher_Order_Constructs
Transitive_Models.Relativization
Transitive_Models.Discipline_Base
Transitive_Models.Arities
Transitive_Models.Discipline_Function
Transitive_Models.Discipline_Cardinal
Transitive_Models.Lambda_Replacement
Transitive_Models.FiniteFun_Relative
Independence_CH.FrecR
Independence_CH.FrecR_Arities
Transitive_Models.Univ_Relative
Transitive_Models.Cardinal_Relative
Transitive_Models.CardinalArith_Relative
Transitive_Models.Aleph_Relative
Transitive_Models.Cardinal_AC_Relative
Transitive_Models.ZF_Library_Relative
Transitive_Models.Replacement_Lepoll
Transitive_Models.Cardinal_Library_Relative
Transitive_Models.Partial_Functions_Relative
Independence_CH.Fm_Definitions
Independence_CH.Interface
Independence_CH.Separation_Instances
Transitive_Models.Delta_System_Relative
Independence_CH.Internal_ZFC_Axioms
Independence_CH.Separation_Rename
Independence_CH.Cohen_Posets_Relative
Transitive_Models.Pointed_DC_Relative
Independence_CH.Replacement_Instances
Independence_CH.ZF_Trans_Interpretations
Independence_CH.Forcing_Data
Independence_CH.Names
Independence_CH.Union_Axiom
Independence_CH.Extensionality_Axiom
Independence_CH.Pairing_Axiom
Independence_CH.Infinity_Axiom
Independence_CH.Proper_Extension
Independence_CH.Foundation_Axiom
Independence_CH.Succession_Poset
Independence_CH.Forces_Definition
Independence_CH.Forcing_Theorems
Independence_CH.Separation_Axiom
Independence_CH.Replacement_Axiom
Independence_CH.Powerset_Axiom
Independence_CH.Choice_Axiom
Independence_CH.Ordinals_In_MG
Independence_CH.Forcing_Main
Independence_CH.Cardinal_Preservation
Independence_CH.Not_CH
Independence_CH.Kappa_Closed_Notions
Independence_CH.CH
Independence_CH.Absolute_Versions
Independence_CH.Definitions_Main
HOL.Complete_Lattices
HOL.Rings
HOL.Inductive
HOL.Nat
HOL.Fields
HOL.Sum_Type
HOL.Product_Type
HOL.Complete_Partial_Order
HOL.Meson
HOL.Relation
HOL.Finite_Set
HOL.Transitive_Closure
HOL.Wellfounded
HOL.Fun_Def_Base
HOL.Hilbert_Choice
HOL.Wfrec
HOL.Order_Relation
HOL.BNF_Wellorder_Relation
HOL.Zorn
HOL.ATP
HOL.BNF_Wellorder_Embedding
HOL.Metis
HOL.BNF_Wellorder_Constructions
Zippy.Extended_Metis_Data
Zippy.Zip_Metis
HOL.BNF_Cardinal_Order_Relation
HOL.BNF_Cardinal_Arithmetic
HOL.BNF_Def
HOL.Basic_BNFs
HOL.BNF_Composition
HOL.BNF_Fixpoint_Base
HOL.BNF_Least_Fixpoint
HOL.Basic_BNF_LFPs
HOL.Equiv_Relations
HOL.Transfer
HOL.Num
HOL.Lifting
HOL.Quotient
HOL.Option
HOL.Power
Transport.Transport_Partial_Quotient_Types
HOL.Partial_Function
HOL.Extraction
HOL.Groups_Big
HOL.Fun_Def
HOL.Int
HOL.Lifting_Set
HOL.Lattices_Big
HOL.Euclidean_Rings
HOL.Parity
HOL.Set_Interval
HOL.Filter
HOL.Numeral_Simprocs
HOL.Semiring_Normalization
HOL.Conditionally_Complete_Lattices
HOL.SMT
HOL.Groebner_Basis
HOL.Presburger
HOL.Try0_HOL
HOL.Sledgehammer
Zippy.Zip_Try0
HOL.List
Combinatorial_Enumeration_Algorithms.Filter_Bool_List
HOL.Groups_List
HOL.Map
HOL.Bit_Operations
HOL.Enum
HOL.Factorial
HOL.Code_Numeral
Crypto_Standards.More_Bit_Operations_Nat
HOL.Binomial
HOL.Random
HOL.String
HOL.BNF_Greatest_Fixpoint
HOL.GCD
HOL.Predicate
HOL.Lazy_Sequence
HOL.Typerep
HOL.Limited_Sequence
HOL.Code_Evaluation
HOL.Quickcheck_Random
HOL.Random_Pred
HOL.Quickcheck_Exhaustive
HOL.Random_Sequence
HOL.Predicate_Compile
HOL.Quickcheck_Narrowing
HOL.Mirabelle
HOL.Record
HOL.Nitpick
HOL.Nunchaku
Main
Transport.HOL_Alignment_Predicates
Transport.HOL_Alignment_Binary_Relations
Transport.Transport_Typedef_Base
Transport.HOL_Alignment_Functions
Transport.Transport_Natural_Functors_Base
Transport.Transport_Natural_Functors_Order_Base
Transport.Transport_Natural_Functors_Order_Equivalence
Transport.Transport_Natural_Functors_Galois
Transport.Transport_Natural_Functors_Galois_Relator
Transport.Transport_Natural_Functors
Notes_On_Goedels_Ontological_Argument.HOMLinHOLonlyS4
Notes_On_Goedels_Ontological_Argument.HOMLinHOL
Notes_On_Goedels_Ontological_Argument.ModalFilter
Notes_On_Goedels_Ontological_Argument.HOMLinHOLonlyK
Notes_On_Goedels_Ontological_Argument.GoedelVariantHOML3
Notes_On_Goedels_Ontological_Argument.GoedelVariantHOML2
ComponentDependencies.DataDependenciesConcreteValues
ComponentDependencies.DataDependencies
Automatic_Refinement.Prio_List
Automatic_Refinement.Foldi
Automatic_Refinement.Refine_Util_Bootstrap1
Automatic_Refinement.Mpat_Antiquot
Automatic_Refinement.Mk_Term_Antiquot
Automatic_Refinement.Refine_Util
Automatic_Refinement.Attr_Comb
Automatic_Refinement.Mk_Record_Simp
Automatic_Refinement.Anti_Unification
Automatic_Refinement.Named_Sorted_Thms
Automatic_Refinement.Autoref_Data
Automatic_Refinement.Tagged_Solver
Automatic_Refinement.Indep_Vars
Automatic_Refinement.Select_Solve
Min_Max_Least_Greatest.Relation_Reachability
Min_Max_Least_Greatest.Min_Max_Least_Greatest_Set
AutoCorres2.ML_Infer_Instantiate
AutoCorres2.Cong_Tactic
AutoCorres2.Target_Architecture
AutoCorres2.ML_Record_Antiquotation
AutoCorres2.Option_Scanner
AutoCorres2.Named_Bindings
AutoCorres2.Named_Rules
AutoCorres2.Rule_By_Method
AutoCorres2.Misc_Antiquotation
AutoCorres2.Print_Annotated
AutoCorres2.AutoCorres_Utils
AutoCorres2.Simp_Trace
AutoCorres2.Subgoals
AutoCorres2.Tagging
AutoCorres2.Basic_Runs_To_VCG
AutoCorres2.Runs_To_VCG
AutoCorres2.Padding
AutoCorres2.Introduction_AutoCorres2
AutoCorres2.Match_Cterm
AutoCorres2.Tuple_Tools
AutoCorres2.Synthesize
AutoCorres2.Apply_Trace
AutoCorres2.MapExtra
AutoCorres2.MapExtraTrans
AutoCorres2.Subgoal_Methods
Metalogic_ProofChecker.Core
SuffixArray.List_Slice
SuffixArray.Nat_Util
SuffixArray.List_Util
SuffixArray.Continuous_Interval
SuffixArray.Fun_Util
SuffixArray.Repeat
SuffixArray.Bucket_Insert
SuffixArray.Prefix
SuffixArray.Sorting_Util
SuffixArray.Set_Util
SuffixArray.Valid_List
SuffixArray.Suffix
First_Order_Clause.Typing
First_Order_Clause.Fold_Extra
First_Order_Clause.Restricted_Order
First_Order_Clause.Term_Order_Notation
First_Order_Clause.Transitive_Closure_Extra
First_Order_Clause.Collect_Extra
First_Order_Clause.Context_Notation
First_Order_Clause.Generic_Context
First_Order_Clause.Context_Compatible_Order
First_Order_Clause.Ground_Term_Order
First_Order_Clause.Term_Typing
First_Order_Clause.HOL_Extra
HOL-Library.Code_Test
Hybrid_Multi_Lane_Spatial_Logic.Cars
Hybrid_Multi_Lane_Spatial_Logic.NatInt
Extended_Finite_State_Machines.VName
Extended_Finite_State_Machines.Trilean
Extended_Finite_State_Machines.Value
Extended_Finite_State_Machines.Value_Lexorder
Abstract_Substitution.Natural_Magma
Abstract_Substitution.Monoid_Action
Abstract_Substitution.Natural_Functor
Abstract_Substitution.Natural_Magma_Functor
First_Order_Clause.Natural_Magma_Typing_Lifting
Abstract_Substitution.Abstract_Substitution
Abstract_Substitution.Option_Extra
IFC_Tracking.IFC
CryptHOL.Partial_Function_Set
Digit_Expansions.Bits_Digits
Digit_Expansions.Carries
Digit_Expansions.Binary_Operations
IP_Addresses.Lib_Numbers_toString
IP_Addresses.Lib_List_toString
IP_Addresses.Hs_Compat
Network_Security_Policy_Verification.TopoS_Util
Network_Security_Policy_Verification.ML_GraphViz
Network_Security_Policy_Verification.FiniteGraph
HOL-Cardinals.Fun_More
HOL-Cardinals.Order_Union
HOL-Cardinals.Wellorder_Extension
HOL-Cardinals.Order_Relation_More
HOL-Cardinals.Wellfounded_More
HOL-Cardinals.Wellorder_Relation
HOL-Cardinals.Wellorder_Embedding
HOL-Cardinals.Wellorder_Constructions
HOL-Cardinals.Ordinal_Arithmetic
HOL-Cardinals.Cardinal_Order_Relation
HOL-Cardinals.Cardinal_Arithmetic
HOL-Cardinals.Cardinals
HOL-Cardinals.Bounded_Set
HOL-Library.Comparator
Coinductive_Languages.Coinductive_Language
HOL-Library.LaTeXsugar
Finger-Trees.FingerTree
Munta_Model_Checker.Munta_Tagging
Munta_Model_Checker.Simple_Expressions
Munta_Model_Checker.UPPAAL_Asm
List_Interleaving.ListInterleaving
Nash_Equilibrium.Nash_Equilibrium
Applicative_Lifting.Joinable
Applicative_Lifting.Applicative
Applicative_Lifting.Applicative_Monoid
Applicative_Lifting.Applicative_Option
Applicative_Lifting.Applicative_Open_State
Applicative_Lifting.Applicative_Environment
CryptHOL.Environment_Functor
Applicative_Lifting.Abstract_AF
Applicative_Lifting.Applicative_Set
Applicative_Lifting.Applicative_Sum
CryptHOL.Set_Applicative
Applicative_Lifting.Applicative_List
Monad_Memo_DP.Indexing
Monad_Memo_DP.Solve_Cong
Monad_Memo_DP.Ground_Function
Monad_Memo_DP.State_Heap_Misc
Monad_Memo_DP.Pure_Monad
Word_Lib.Enumeration
Word_Lib.Even_More_List
Word_Lib.More_Int
Word_Lib.More_Misc
Word_Lib.More_Bit_Ring
Slicing.AuxLemmas
Slicing.Com
Slicing.Labels
Slicing.BitVector
Slicing.BasicDefs
Slicing.CFG
Slicing.CFG_wf
Slicing.SemanticsCFG
Slicing.DynDataDependence
Slicing.DataDependence
Slicing.WeakOrderDependence
Slicing.Distance
Slicing.CFGExit
Slicing.Postdomination
Slicing.DynWeakControlDependence
Slicing.DynStandardControlDependence
Slicing.StandardControlDependence
Slicing.ControlDependenceRelations
Slicing.WeakControlDependence
Slicing.CFGExit_wf
Slicing.PDG
Slicing.DynPDG
Slicing.DependentLiveVariables
Slicing.DynSlice
Slicing.WCFG
Slicing.Interpretation
Slicing.Semantics
Slicing.WEquivalence
Slicing.Observable
Slicing.Slice
Slicing.CDepInstantiations
Slicing.WellFormed
Slicing.AdditionalLemmas
Slicing.DynamicControlDependences
Slicing.SemanticsWellFormed
Slicing.StaticControlDependences
HOL-TPTP.MaSh_Export_Base
Complx.Cache_Tactics
Complx.Language
Complx.SmallStep
Complx.SeqCatch_decomp
Complx.OG_Annotations
Complx.OG_Hoare
Complx.OG_Soundness
Complx.OG_Tactics
Complx.OG_Syntax
Stone_Algebras.Lattice_Basics
Stone_Algebras.P_Algebras
Stone_Algebras.Filters
Stone_Algebras.Stone_Construction
More_LazyLists.List_Filtermap
Padic_Field.Generated_Boolean_Algebra
Padic_Field.Indices
Security_Protocol_Refinement.Agents
Security_Protocol_Refinement.Infra
Security_Protocol_Refinement.Refinement
Security_Protocol_Refinement.s0g_secrecy
Security_Protocol_Refinement.a0n_agree
Security_Protocol_Refinement.a0i_agree
Security_Protocol_Refinement.Keys
Security_Protocol_Refinement.Message
Security_Protocol_Refinement.Atoms
Security_Protocol_Refinement.Channels
Security_Protocol_Refinement.Runs
Security_Protocol_Refinement.m1_keydist
Security_Protocol_Refinement.m1_keydist_iirn
Security_Protocol_Refinement.m1_kerberos
Security_Protocol_Refinement.m2_kerberos
Security_Protocol_Refinement.m1_nssk
Security_Protocol_Refinement.m2_nssk
Security_Protocol_Refinement.m1_auth
Security_Protocol_Refinement.m2_auth_chan
Security_Protocol_Refinement.m1_keydist_inrn
Security_Protocol_Refinement.m1_ds
Security_Protocol_Refinement.m2_ds
Security_Protocol_Refinement.m2_confid_chan
HOL-Data_Structures.Less_False
HOL-Data_Structures.Tree234
HOL-Data_Structures.Tree23
HOL-Data_Structures.Queue_Spec
HOL-Data_Structures.Cmp
HOL-Data_Structures.Sorted_Less
HOL-Data_Structures.List_Ins_Del
HOL-Data_Structures.AList_Upd_Del
HOL-Data_Structures.Map_Specs
HOL-Data_Structures.Set_Specs
HOL-Data_Structures.Tree234_Set
HOL-Data_Structures.Tree23_Set
HOL-Data_Structures.Trie_Fun
HOL-Data_Structures.Array_Specs
Pattern_Completeness.Singleton_List
Pattern_Completeness.Finite_IDL_Solver_Interface
Dyck_Language.Dyck_Language
ConcurrentIMP.CIMP_pred
ConcurrentIMP.Infinite_Sequences
ConcurrentIMP.LTL
ConcurrentIMP.CIMP_lang
ConcurrentIMP.CIMP_vcg
ConcurrentIMP.CIMP_vcg_rules
ConcurrentIMP.CIMP
Combinatorics_Words.Reverse_Symmetry
Combinatorics_Words.Arithmetical_Hints
CVP_Hardness.Reduction
CVP_Hardness.Partition
Dependent_SIFUM_Type_Systems.Preliminaries
Dependent_SIFUM_Type_Systems.Language
Dependent_SIFUM_Type_Systems.Security
Dependent_SIFUM_Type_Systems.Compositionality
Dependent_SIFUM_Type_Systems.TypeSystem
Dependent_SIFUM_Type_Systems.TypeSystemTactics
Dijkstra_Shortest_Path.Graph
Dijkstra_Shortest_Path.Dijkstra_Misc
Transition_Systems_and_Automata.Basic
RSAPSS.Mod
RSAPSS.Crypt
RSAPSS.Word
RSAPSS.WordOperations
RSAPSS.SHA1Padding
RSAPSS.SHA1
HOL-Library.Set_Algebras
Certification_Monads.Error_Syntax
Projective_Geometry.Projective_Plane_Axioms
Projective_Geometry.Pappus_Property
Projective_Geometry.Pascal_Property
Projective_Geometry.Desargues_Property
Projective_Geometry.Higher_Projective_Space_Rank_Axioms
Projective_Geometry.Matroid_Rank_Properties
Shivers-CFA.Utils
Shivers-CFA.SetMap
Shivers-CFA.MapSets
Shivers-CFA.CPSScheme
Shivers-CFA.CPSUtils
Simple_Firewall.List_Product_More
Simple_Firewall.Lib_Enum_toString
Simple_Firewall.GroupF
Simple_Firewall.Firewall_Common_Decision_State
Simple_Firewall.Option_Helpers
Simple_Firewall.IP_Partition_Preliminaries
Graph_Saturation.MissingRelation
Graph_Saturation.LabeledGraphs
Graph_Saturation.LabeledGraphSemantics
Graph_Saturation.RulesAndChains
Graph_Saturation.RuleSemanticsConnection
Graph_Saturation.StandardModels
Graph_Saturation.StandardRules
Buildings.Prelim
Buildings.Simplicial
Buildings.Algebra
Buildings.Chamber
Buildings.Coxeter
Cook_Levin.Basics
Cook_Levin.Combinations
Cook_Levin.Elementary
Cook_Levin.Composing
Cook_Levin.Memorizing
Cook_Levin.Arithmetic
Cook_Levin.Lists_Lists
Cook_Levin.Oblivious
Cook_Levin.Oblivious_Polynomial
Cook_Levin.Two_Four_Symbols
Cook_Levin.Symbol_Ops
Cook_Levin.Wellformed
Cook_Levin.NP
Cook_Levin.Oblivious_2_Tape
Cook_Levin.Satisfiability
Cook_Levin.Reducing
Cook_Levin.Aux_TM_Reducing
Cook_Levin.Sat_TM_CNF
Cook_Levin.Reduction_TM
Prop_Compactness.Background_on_graphs
Prop_Compactness.SyntaxAndSemantics
Prop_Compactness.UniformNotation
Prop_Compactness.Closedness
Prop_Compactness.FinitenessClosedCharProp
Prop_Compactness.MaximalSet
KBPs.DFS
KBPs.Traces
KBPs.Kripke
KBPs.KBPs
KBPs.MapOps
First_Welfare_Theorem.Syntax
Optimal_BST.Quadrilateral_Inequality
Binding_Syntax_Theory.Pick
Binding_Syntax_Theory.Preliminaries
Binding_Syntax_Theory.Equiv_Relation2
Binding_Syntax_Theory.QuasiTerms_Swap_Fresh
Binding_Syntax_Theory.QuasiTerms_PickFresh_Alpha
Binding_Syntax_Theory.QuasiTerms_Environments_Substitution
Binding_Syntax_Theory.Transition_QuasiTerms_Terms
Binding_Syntax_Theory.Terms
Binding_Syntax_Theory.Well_Sorted_Terms
Binding_Syntax_Theory.Iteration
Dynamic_Pushdown_Networks.ImplHelper
Dynamic_Pushdown_Networks.NDET
IOA-NTP.Lemmas
IOA-NTP.Multiset
IOA-NTP.Packet
IOA-NTP.Action
HOL-Library.FuncSet
DiskPaxos.DiskPaxos_Model
DiskPaxos.DiskPaxos_Inv1
DiskPaxos.DiskPaxos_Inv2
DiskPaxos.DiskPaxos_Inv3
DiskPaxos.DiskPaxos_Inv4
DiskPaxos.DiskPaxos_Inv5
DiskPaxos.DiskPaxos_Chosen
DiskPaxos.DiskPaxos_Inv6
DiskPaxos.DiskPaxos_Invariant
HOL-Algebra.Congruence
HOL-Algebra.Order
HOL-Algebra.Lattice
HOL-Algebra.Complete_Lattice
HOL-Algebra.Galois_Connection
HOL-Algebra.Group
HOL-Algebra.Coset
HOL-Algebra.FiniteProduct
HOL-Algebra.Ring
HOL-Algebra.AbelCoset
HOL-Algebra.Ideal
HOL-Algebra.Ideal_Product
HOL-Algebra.SndIsomorphismGrp
HOL-Algebra.RingHom
HOL-Algebra.QuotRing
HOL-Algebra.Weak_Morphisms
HOL-Algebra.Chinese_Remainder
HOL-Algebra.Generated_Groups
HOL-Algebra.Solvable_Groups
HOL-Algebra.Module
HOL-Algebra.UnivPoly
HOL-Algebra.Bij
HOL-Algebra.Group_Action
HOL-Algebra.Zassenhaus
HOL-Algebra.Left_Coset
Deep_Learning.DL_Missing_Finite_Set
Deep_Learning.Tensor
Deep_Learning.Tensor_Subtensor
Deep_Learning.Tensor_Plus
Deep_Learning.Tensor_Scalar_Mult
Deep_Learning.Tensor_Product
Deep_Learning.Tensor_Unit_Vec
Deep_Learning.Tensor_Rank
Marriage.Marriage
Iptables_Semantics.Ternary
Iptables_Semantics.Remdups_Rev
Iptables_Semantics.Repeat_Stabilize
Iptables_Semantics.Firewall_Common
Iptables_Semantics.Matching_Ternary
Iptables_Semantics.Unknown_Match_Tacs
Iptables_Semantics.List_Misc
Iptables_Semantics.Semantics_Goto
Iptables_Semantics.Semantics_Ternary
Iptables_Semantics.Optimizing
Iptables_Semantics.Fixed_Action
Iptables_Semantics.Normalized_Matches
Iptables_Semantics.Negation_Type
Iptables_Semantics.Conntrack_State
Iptables_Semantics.Datatype_Selectors
Iptables_Semantics.Negation_Type_Matching
Iptables_Semantics.Primitive_Normalization
Iptables_Semantics.MatchExpr_Fold
Iptables_Semantics.Semantics
Iptables_Semantics.Matching
Iptables_Semantics.Ruleset_Update
Iptables_Semantics.Call_Return_Unfolding
Iptables_Semantics.Matching_Embeddings
Sunflowers.Sunflower
Sunflowers.Erdos_Rado_Sunflower
Propositional_Logic_Class.Implication_Logic
Propositional_Logic_Class.Classical_Logic
Propositional_Logic_Class.Classical_Logic_Completeness
HOL-Library.Monad_Syntax
ConcurrentHOL.Strengthen
ConcurrentHOL.Ix
Relational_Method.Definitions
Relational_Method.Authentication
Relational_Method.Anonymity
Jacobson_Basic_Algebra.Set_Theory
Jacobson_Basic_Algebra.Group_Theory
Jacobson_Basic_Algebra.Ring_Theory
Pentagonal_Number_Theorem.Pentagonal_Numbers
HOL-ex.Unification
HOL-ex.Sketch_and_Explore
HOL-ex.Birthday_Paradox
Probabilistic_System_Zoo.Nonempty_Bounded_Set
Amortized_Complexity.Priority_Queue_ops
Amortized_Complexity.Priority_Queue_ops_merge
IMP_With_Speculation.Language_Prelims
IsaGeoCoq.Tarski_Neutral
IsaGeoCoq.Hilbert_Neutral
IsaGeoCoq.Tarski_Neutral_3D
IsaGeoCoq.Hilbert_Neutral_3D
IsaGeoCoq.Gupta_Neutral
IsaGeoCoq.Gupta_Neutral_2D
IsaGeoCoq.Hilbert_Neutral_2D
IsaGeoCoq.Gupta_Euclidean
IsaGeoCoq.Tarski_Neutral_Continuity
IsaGeoCoq.Tarski_Neutral_Archimedes
IsaGeoCoq.Highschool_Neutral
IsaGeoCoq.Tarski_Postulate_Parallels
IsaGeoCoq.Tarski_Non_Euclidean
IsaGeoCoq.Tarski_Euclidean
IsaGeoCoq.Tarski_Non_Euclidean_Aristotle
IsaGeoCoq.Tarski_Neutral_Continuous
IsaGeoCoq.Tarski_Neutral_Model_Gupta_Neutral
IsaGeoCoq.Tarski_Neutral_2D
IsaGeoCoq.Tarski_Euclidean_2D
IsaGeoCoq.Highschool_Euclidean
IsaGeoCoq.Tarski_Neutral_Hilbert
IsaGeoCoq.Tarski_Neutral_3D_Hilbert
IsaGeoCoq.Hilbert_Euclidean
IsaGeoCoq.Tarski_Neutral_Model_Hilbert_Neutral
IsaGeoCoq.Tarski_Neutral_3D_Model_Hilbert_Neutral_3D
Abstract_Consistency_Property.Abstract_Consistency_Property
Diophantine_Universal_Pairs.Lucas_Sequences
Diophantine_Universal_Pairs.Utils
Diophantine_Universal_Pairs.Lucas_Diophantine
Intro_Dest_Elim.IHOL_IDE
Intro_Dest_Elim.Reference_Prerequisites
Noninterference_CSP.CSPNoninterference
Noninterference_CSP.ClassicalNoninterference
Szpilrajn.Szpilrajn
HOL-Library.Open_State_Syntax
Conditional_Transfer_Rule.CTR_Tools
Conditional_Transfer_Rule.Reference_Prerequisites
Conditional_Transfer_Rule.UD
Conditional_Transfer_Rule.UD_Reference
HOL-Combinatorics.Stirling
HOL-Combinatorics.Transposition
HOL-Combinatorics.Perm
HOL-Library.Debug
No_FTL_observers.SpaceTime
No_FTL_observers.SomeFunc
No_FTL_observers.Axioms
Belief_Revision.AGM_Logic
Belief_Revision.AGM_Remainder
Belief_Revision.AGM_Contraction
HOL-UNITY.ListOrder
HOL-UNITY.UNITY
HOL-UNITY.WFair
HOL-UNITY.Constrains
HOL-UNITY.SubstAx
HOL-UNITY.FP
HOL-UNITY.Detects
HOL-UNITY.Union
HOL-UNITY.Comp
HOL-UNITY.Transformers
HOL-UNITY.ProgressSets
HOL-UNITY.Guar
HOL-UNITY.Extend
HOL-UNITY.Rename
HOL-UNITY.Project
HOL-UNITY.Lift_prog
HOL-UNITY.PPROD
Promela.PromelaAST
HOL-Hoare.Heap
HOL-Hoare.Hoare_Tac
HOL-Hoare.Hoare_Syntax
HOL-Hoare.Hoare_Logic_Abort
HOL-Hoare.HeapSyntaxAbort
HOL-Hoare.Arith2
HOL-Hoare.Hoare_Logic
HOL-Hoare.HeapSyntax
HOL-Hoare.SepLogHeap
Naproche.ZFC_Rudiments
Naproche.Naproche
Graph_Algorithms.Set2_Addons
Graph_Algorithms.More_Lists
Graph_Algorithms.Map_Addons
Graph_Algorithms.Set_Addons
Clean.MonadSE
Clean.Lens_Laws
Clean.Optics
Clean.Seq_MonadSE
Clean.Symbex_MonadSE
Clean.Clean
Clean.Clean_Symbex
Clean.Hoare_MonadSE
Clean.Hoare_Clean
FOL_Seq_Calc2.SeCaV
FOL_Seq_Calc2.Usemantics
VerifyThis2019.Challenge1A
HOL-Library.Realizers
Registers.Axioms
Registers.Laws
Registers.Axioms_Classical
Registers.Laws_Classical
Dominance_CHK.Cfg
Dominance_CHK.Sorted_Less2
Dominance_CHK.Sorted_List_Operations2
Discrete_Summation.Discrete_Summation
VectorSpace.RingModuleFacts
VectorSpace.FunctionLemmas
VectorSpace.MonoidSums
VectorSpace.LinearCombinations
VectorSpace.SumSpaces
VectorSpace.VectorSpace
IOA.Pred
IOA.Asig
IOA.Automata
Factored_Transition_System_Bounding.HoArithUtils
Factored_Transition_System_Bounding.Acyclicity
Factored_Transition_System_Bounding.RelUtils
Factored_Transition_System_Bounding.SetUtils
HOL-Hoare_Parallel.Graph
HOL-Hoare_Parallel.Quote_Antiquote
HOL-Hoare_Parallel.OG_Com
HOL-Hoare_Parallel.OG_Tran
HOL-Hoare_Parallel.OG_Hoare
HOL-Hoare_Parallel.OG_Tactics
HOL-Hoare_Parallel.OG_Syntax
HOL-Hoare_Parallel.Gar_Coll
HOL-Hoare_Parallel.Mul_Gar_Coll
HOL-Hoare_Parallel.RG_Com
HOL-Hoare_Parallel.RG_Tran
HOL-Hoare_Parallel.RG_Hoare
HOL-Hoare_Parallel.RG_Syntax
CAVA_Automata.Step_Conv
SIFPL.IMP
SIFPL.Lattice
SIFPL.OBJ
SIFPL.PBIJ
SIFPL.VDM
SIFPL.VS
SIFPL.VDM_OBJ
SIFPL.VS_OBJ
Sauer_Shelah_Lemma.Binomial_Lemmas
Sauer_Shelah_Lemma.Card_Lemmas
Sauer_Shelah_Lemma.Shattering
VeriComp.Transfer_Extras
VeriComp.Well_founded
VeriComp.Inf
VeriComp.Behaviour
VeriComp.Semantics
VeriComp.Language
VeriComp.Lifting_Simulation_To_Bisimulation
VeriComp.Simulation
VeriComp.Compiler
Rank_Nullity_Theorem.Dual_Order
MSO_Regex_Equivalence.Pi_Regular_Set
Algebraic_VCs.P2S2R
HOL-Library.Confluence
HOL-Library.Power_By_Squaring
JinjaDCI.Auxiliary
JinjaDCI.Type
JinjaDCI.Decl
Weak_Spectroscopy.Energy_Games
Weak_Spectroscopy.Labeled_Transition_Systems
Weak_Spectroscopy.LTS_Semantics
Weak_Spectroscopy.HML_SRBB
FOL_Seq_Calc3.List_Syntax
FOL_Seq_Calc3.Syntax
FOL_Seq_Calc3.Semantics
SPARCv8.Lib
SPARCv8.DetMonad
SPARCv8.DetMonadLemmas
Buchi_Complementation.Formula
Buchi_Complementation.Alternate
Pushdown_Automata.Pushdown_Automata
QBF_Solver_Verification.NaiveSolver
QBF_Solver_Verification.PCNF
QBF_Solver_Verification.Parser
QBF_Solver_Verification.SearchSolver
Name_Carrying_Type_Inference.Permutation
Name_Carrying_Type_Inference.Fresh
Name_Carrying_Type_Inference.PreSimplyTyped
Conditional_Simplification.CS_Tools
Conditional_Simplification.IHOL_CS
Conditional_Simplification.Reference_Prerequisites
Proof_Strategy_Language.Try_Hard
Proof_Strategy_Language.PSL
Regular-Sets.Regular_Set
Regular-Sets.Regular_Exp2
Regular-Sets.Regular_Exp
Regular-Sets.Derivatives
Regular-Sets.NDerivative
Regular-Sets.Relation_Interpretation
HOL-Library.Preorder
Interpreter_Optimizations.List_util
Interpreter_Optimizations.Option_Extra
Interpreter_Optimizations.Op
Interpreter_Optimizations.Dynamic
Interpreter_Optimizations.OpInl
Interpreter_Optimizations.Result
CAVA_Base.Statistics
CAVA_Base.Lexord_List
Circus.Var
Circus.Var_list
Circus.Relations
Circus.Designs
Multirelations_Heterogeneous.Relational_Properties
Multirelations_Heterogeneous.Power_Allegories_Properties
Multirelations_Heterogeneous.Multirelations_Basics
Multirelations_Heterogeneous.Power_Allegories_Multirelations
Types_To_Sets_Extension.FNDS_Set_Ext
Types_To_Sets_Extension.ETTS_Tools
Types_To_Sets_Extension.Transfer_Ext
Types_To_Sets_Extension.SML_Relations
Types_To_Sets_Extension.FNDS_Definite_Description
Types_To_Sets_Extension.Set_Ext
Types_To_Sets_Extension.Lifting_Set_Ext
Types_To_Sets_Extension.Product_Type_Ext
Types_To_Sets_Extension.Type_Semigroups
Types_To_Sets_Extension.FNDS_Lifting_Set_Ext
Tree-Automata.Tree
Collections.ICF_Tools
Collections.Ord_Code_Preproc
Collections.Record_Intf
Collections.Locale_Code
Collections.Partial_Equivalence_Relation
Syntax_Independent_Logic.Prelim
Syntax_Independent_Logic.Syntax
Syntax_Independent_Logic.Deduction
Syntax_Independent_Logic.Standard_Model
Syntax_Independent_Logic.Natural_Deduction
Syntax_Independent_Logic.Pseudo_Term
Syntax_Independent_Logic.Syntax_Arith
Syntax_Independent_Logic.Deduction_Q
Rensets.Lambda_Terms
Rensets.Rensets
Rensets.Nominal_Sets
Rensets.FRBCE_Rensets
Rensets.Substitutive_Sets
Rensets.Rensets_to_Nominal_Sets
Simple_Clause_Learning.Abstract_Renaming_Apart
JiveDataStoreModel.TypeIds
JiveDataStoreModel.JavaType
JiveDataStoreModel.DirectSubtypes
JiveDataStoreModel.Subtype
JiveDataStoreModel.Value
JiveDataStoreModel.Attributes
JiveDataStoreModel.AttributesIndep
JiveDataStoreModel.Location
JiveDataStoreModel.Store
JiveDataStoreModel.StoreProperties
JiveDataStoreModel.JML
Strong_Security.Types
Strong_Security.MWLf
Strong_Security.Strong_Security
Strong_Security.Up_To_Technique
Strong_Security.Expr
Strong_Security.Parallel_Composition
Strong_Security.Strongly_Secure_Skip_Assign
Strong_Security.Language_Composition
Strong_Security.Type_System
Auto2_HOL.HOL_Base
Auto2_HOL.Auto2_HOL_Setup
Auto2_HOL.Logic_Thms
Dependent_SIFUM_Refinement.Eg1
Dependent_SIFUM_Refinement.CompositionalRefinement
Dependent_SIFUM_Refinement.Eg2
Dependent_SIFUM_Refinement.Eg1Eg2
IOA-ABP.Lemmas
IOA-ABP.Packet
IOA-ABP.Action
BTree.Subst_Mod_Mult_AC
BTree.BTree
BTree.BTree_Set
BTree.BTree_Split
Abstract-Hoare-Logics.PLang
Abstract-Hoare-Logics.Lang
Abstract-Hoare-Logics.PTermi
Abstract-Hoare-Logics.Hoare
Abstract-Hoare-Logics.PsLang
Abstract-Hoare-Logics.PsTermi
Abstract-Hoare-Logics.PsHoare
Abstract-Hoare-Logics.Termi
Abstract-Hoare-Logics.PHoare
Root_Balanced_Tree.Time_Monad
UPF_Firewall.Ports
UPF_Firewall.NetworkCore
UPF_Firewall.DatatypeAddress
UPF_Firewall.DatatypePort
UPF_Firewall.IPv4
UPF_Firewall.IntegerPort_TCPUDP
UPF_Firewall.IntegerAddress
UPF_Firewall.IPv4_TCPUDP
UPF_Firewall.LTL_alike
UPF_Firewall.IntegerPort
UPF_Firewall.NetworkModels
IsaNet.Event_Systems
IsaNet.Agents
IsaNet.Keys
CryptHOL.Cyclic_Group
HOL-Library.Transitive_Closure_Table
Galois_Energy_Games.List_Lemmas
HOL-Library.Function_Algebras
HOL-Library.Combine_PER
Decl_Sem_Fun_PL.Lambda
Decl_Sem_Fun_PL.InterTypeSystem
Decl_Sem_Fun_PL.Values
Decl_Sem_Fun_PL.SmallStepLam
Decl_Sem_Fun_PL.BigStepLam
Decl_Sem_Fun_PL.DeclSemAsDenot
Decl_Sem_Fun_PL.ValueProps
Decl_Sem_Fun_PL.DenotLam5
Extended_Finite_State_Machine_Inference.Group_By
Extended_Finite_State_Machine_Inference.Code_Target_List
HOL-TLA-Memory.RPCMemoryParams
HOL-TLA-Memory.MemoryParameters
HOL-TLA-Memory.RPCParameters
HOL-TLA-Memory.MemClerkParameters
Linear_Diophantine_Preprocessor.Linear_Polynomial
Linear_Diophantine_Preprocessor.Diophantine_Eqs_and_Ineqs
Linear_Diophantine_Preprocessor.Diophantine_Tightening
Linear_Diophantine_Preprocessor.Linear_Diophantine_Solver
Linear_Diophantine_Preprocessor.Linear_Diophantine_Solver_Impl
FaithfulPMLinHOL.PMLinHOL_preliminaries
FaithfulPMLinHOL.PMLinHOL_shallow_minimal
FaithfulPMLinHOL.PMLinHOL_deep
FaithfulPMLinHOL.PMLinHOL_shallow_minimal_tests
FaithfulPMLinHOL.PMLinHOL_shallow
FaithfulPMLinHOL.PMLinHOL_deep_tests
FaithfulPMLinHOL.PMLinHOL_shallow_tests
CZH_Foundations.CZH_Utilities
CZH_Foundations.CZH_Sets_MIF
Physical_Quantities.Groups_mult
Huffman.Huffman
Bounded_Deducibility_Security.Abstract_BD_Security
SIFUM_Type_Systems.Preliminaries
SIFUM_Type_Systems.Language
SIFUM_Type_Systems.Security
SIFUM_Type_Systems.Compositionality
C2KA_DistributedSystems.CKA
C2KA_DistributedSystems.Stimuli
C2KA_DistributedSystems.C2KA
C2KA_DistributedSystems.Topology_C2KA
CISC-Kernel.Option_Binders
CISC-Kernel.Step_configuration
CISC-Kernel.Step_policies
CISC-Kernel.Step
CISC-Kernel.List_Theorems
CISC-Kernel.K
CISC-Kernel.SK
CISC-Kernel.ISK
CISC-Kernel.CISK
CISC-Kernel.Step_invariants
CISC-Kernel.Step_vpeq
CISC-Kernel.Step_vpeq_weakly_step_consistent
CISC-Kernel.Step_vpeq_locally_respects
CISC-Kernel.Separation_kernel_model
HOL-Library.Fun_Lexorder
Order_Lattice_Props.Sup_Lattice
Order_Lattice_Props.Order_Duality
Order_Lattice_Props.Order_Lattice_Props
Order_Lattice_Props.Galois_Connections
Order_Lattice_Props.Closure_Operators
Order_Lattice_Props.Fixpoint_Fusion
HOL-Library.NList
Possibilistic_Noninterference.MyTactics
Possibilistic_Noninterference.Interface
Possibilistic_Noninterference.Language_Semantics
Possibilistic_Noninterference.Bisim
Possibilistic_Noninterference.During_Execution
Possibilistic_Noninterference.Compositionality
Possibilistic_Noninterference.Syntactic_Criteria
Possibilistic_Noninterference.After_Execution
LL1_Parser.Grammar
LL1_Parser.Nullable_Set
MLSSmf_to_MLSS.Var_Fun_Composite
MLSSmf_to_MLSS.MLSSmf_Defs
MLSSmf_to_MLSS.MLSSmf_to_MLSS_Auxiliary
WebAssembly.Wasm_Type_Abs
HOL-Library.Case_Converter
Ordinal.OrdinalDef
Ordinal.OrdinalInduct
Ordinal.OrdinalCont
Ordinal.OrdinalRec
Ordinal.OrdinalArith
Ordinal.OrdinalInverse
Ordinal.OrdinalFix
Ordinal.OrdinalOmega
Ordinal.OrdinalVeblen
HOL-Library.Time_Commands
Mission_Time_LTL.MLTL_Encoding
Mission_Time_LTL.MLTL_Properties
HOL-Types_To_Sets.Prerequisites
HOL-Types_To_Sets.Types_To_Sets
HOL-Types_To_Sets.Group_On_With
Restriction_Spaces.Restriction_Spaces_Locales
Restriction_Spaces.Restriction_Spaces_Classes
Restriction_Spaces.Restriction_Spaces_Prod
Restriction_Spaces.Restriction_Spaces_Fun
Restriction_Spaces.Restriction_Spaces_Topology
Restriction_Spaces.Restriction_Spaces_Induction
Knot_Theory.Preliminaries
Knot_Theory.Tangle_Relation
Knot_Theory.Tangles
Knot_Theory.Tangle_Algebra
Knot_Theory.Tangle_Moves
Knot_Theory.Link_Algebra
Old_Datatype_Show.Old_Show
HOL-Library.Code_Bit_Shifts_for_Arithmetic
HOL-Library.Simps_Case_Conv
HOL-Library.Extended
HOL-Library.Disjoint_Sets
HOL-Library.Confluent_Quotient
HOL-Library.Sublist
HOL-Library.Prefix_Order
HOL-Library.Subseq_Order
HOL-Library.Nat_Bijection
HOL-Library.Product_Plus
HOL-Library.Centered_Division
HOL-Library.Option_ord
HOL-Library.Lattice_Constructions
HOL-Library.Complete_Partial_Order2
HOL-Library.AList
HOL-Library.DAList
Linear_Diophantine_Preprocessor.Linear_Polynomial_Impl
HOL-Library.Z2
HOL-Library.Uprod
HOL-Library.BNF_Corec
Bounded_Deducibility_Security.Trivia
Bounded_Deducibility_Security.Filtermap
HOL-Library.Refute
HOL-Library.Product_Order
HOL-Library.Old_Recdef
HOL-Library.Function_Division
HOL-Library.Finite_Lattice
HOL-Library.IArray
HOL-Library.Cancellation
HOL-Library.Reflection
HOL-Library.Signed_Division
HOL-Library.Dual_Ordered_Lattice
HOL-Library.Stream
HOL-Library.Pattern_Aliases
HOL-Library.More_List
HOL-Library.List_Lenlexorder
HOL-Library.Dlist
HOL-Library.Complemented_Lattices
HOL-Library.Phantom_Type
HOL-Library.Cardinality
HOL-Library.Numeral_Type
HOL-Library.Type_Length
HOL-Library.Saturated
HOL-Library.Word
HOL-Library.List_Lexorder
HOL-Library.Tree
HOL-Library.Char_ord
HOL-Library.Code_Abstract_Char
HOL-Library.Conditional_Parametricity
HOL-Library.BNF_Axiomatization
HOL-Library.Code_Abstract_Nat
HOL-Library.Code_Target_Nat
HOL-Library.Predicate_Compile_Alternative_Defs
HOL-Library.Predicate_Compile_Quickcheck
HOL-Library.Multiset
HOL-Library.Multiset_Order
HOL-Library.Sorting_Algorithms
IsaNet.Tools
IsaNet.Take_While
IsaNet.Network_Model
IsaNet.Network_Assumptions
HOL-Library.Parallel
HOL-Library.Groups_Big_Fun
HOL-Library.Poly_Mapping
HOL-Library.Rewrite
HOL-Library.Tree_Multiset
HOL-Library.Code_Prolog
HOL-Library.State_Monad
HOL-Library.Product_Lexorder
HOL-Library.Datatype_Records
HOL-Library.DAList_Multiset
HOL-Library.Quotient_Type
HOL-Library.Infinite_Set
HOL-Library.Omega_Words_Fun
HOL-Library.While_Combinator
HOL-Library.Bourbaki_Witt_Fixpoint
HOL-Library.Code_Binary_Nat
HOL-Library.Time_Functions
HOL-Library.Mapping
HOL-Library.AList_Mapping
HOL-Library.Code_Cardinality
Extended_Finite_State_Machine_Inference.Code_Target_Set
HOL-Library.ListVector
Physical_Quantities.Enum_extra
IsaNet.Parametrized_Dataplane_0
HOL-Library.Code_Lazy
HOL-Library.Old_Datatype
Bounded_Deducibility_Security.Transition_System
Bounded_Deducibility_Security.IO_Automaton
Bounded_Deducibility_Security.BD_Security_TS
Bounded_Deducibility_Security.BD_Security_Triggers
Bounded_Deducibility_Security.BD_Security_IO
Bounded_Deducibility_Security.BD_Security_Unwinding
Bounded_Deducibility_Security.Compositional_Reasoning
HOL-Library.RBT_Impl
HOL-Library.Quotient_Syntax
HOL-Library.Quotient_Option
HOL-Library.Quotient_Product
HOL-Library.Quotient_Set
HOL-Library.Quotient_Sum
HOL-Library.Quotient_List
HOL-Library.RBT
HOL-Library.RBT_Mapping
HOL-Library.RBT_Set
IsaNet.Take_While_Update
HOL-Library.Code_Target_Int
HOL-Library.Code_Target_Numeral
Typed_Ordered_Resolution.Relation_Extra
Incredible_Proof_Machine.Rose_Tree
PSemigroupsConvolution.Partial_Semigroups
PSemigroupsConvolution.Quantales
PSemigroupsConvolution.Binary_Modalities
First_Order_Rewriting.Option_Util
First_Order_Rewriting.SubList
Key_Agreement_Strong_Adversaries.Infra
Key_Agreement_Strong_Adversaries.Messages
Key_Agreement_Strong_Adversaries.Message_derivation
Key_Agreement_Strong_Adversaries.Payloads
Key_Agreement_Strong_Adversaries.Channels
Key_Agreement_Strong_Adversaries.Implem
Key_Agreement_Strong_Adversaries.Runs
Key_Agreement_Strong_Adversaries.Refinement
Key_Agreement_Strong_Adversaries.IK
Key_Agreement_Strong_Adversaries.Secrecy
Key_Agreement_Strong_Adversaries.AuthenticationN
Key_Agreement_Strong_Adversaries.AuthenticationI
Key_Agreement_Strong_Adversaries.dhlvl1
Key_Agreement_Strong_Adversaries.dhlvl2
Key_Agreement_Strong_Adversaries.sklvl1
Key_Agreement_Strong_Adversaries.sklvl2
Key_Agreement_Strong_Adversaries.pfslvl1
Key_Agreement_Strong_Adversaries.pfslvl2
Key_Agreement_Strong_Adversaries.Implem_symmetric
Key_Agreement_Strong_Adversaries.Implem_asymmetric
Key_Agreement_Strong_Adversaries.Implem_lemmas
Key_Agreement_Strong_Adversaries.sklvl3
Key_Agreement_Strong_Adversaries.dhlvl3
Key_Agreement_Strong_Adversaries.pfslvl3
Binomial-Heaps.BinomialHeap
Binomial-Heaps.SkewBinomialHeap
Complex_Geometry.Linear_Systems
Complex_Geometry.More_Set
Interval_Arithmetic_Word32.Finite_String
SPARCv8.WordDecl
HOL-TLA.Intensional
HOL-TLA.Stfun
HOL-TLA.Action
HOL-TLA.Init
HOL-TLA.TLA
HOL-TLA-Memory.ProcedureInterface
HOL-TLA-Memory.Memory
HOL-TLA-Memory.RPC
HOL-TLA-Memory.MemClerk
Splay_Tree.Splay_Heap
Splay_Tree.Splay_Tree
Universal_Turing_Machine.Turing
Universal_Turing_Machine.ComposableTMs
Universal_Turing_Machine.ComposedTMs
Universal_Turing_Machine.BlanksDoNotMatter
Universal_Turing_Machine.Rec_Def
Universal_Turing_Machine.Recs_alt_Def
Universal_Turing_Machine.Numerals
Universal_Turing_Machine.Turing_Hoare
Universal_Turing_Machine.Turing_HaltingConditions
Universal_Turing_Machine.CopyTM
Universal_Turing_Machine.SimpleGoedelEncoding
Universal_Turing_Machine.Abacus_Mopup
Universal_Turing_Machine.Abacus
Universal_Turing_Machine.UF
Universal_Turing_Machine.OneStrokeTM
Universal_Turing_Machine.WeakCopyTM
Universal_Turing_Machine.StrongCopyTM
Universal_Turing_Machine.SemiIdTM
Universal_Turing_Machine.Abacus_Hoare
Universal_Turing_Machine.Recursive
Universal_Turing_Machine.TuringDecidable
Universal_Turing_Machine.TuringReducible
Universal_Turing_Machine.HaltingProblems_K_H
Universal_Turing_Machine.DitherTM
AutoCorres2.Arrays
AutoCorres2.Spec_Monad
AutoCorres2.Reaches
AutoCorres2.Mutual_CCPO_Recursion
AutoCorres2.Less_Monad_Syntax
List-Infinite.Util_Nat
List-Infinite.Util_Set
List-Infinite.Util_Div
List-Infinite.Util_MinMax
ProcessComposition.Util
ProcessComposition.ResTerm
ProcessComposition.ResNormalForm
ProcessComposition.ResNormDirect
Word_Lib.Least_significant_bit
Word_Lib.Signed_Division_Word
Word_Lib.Bit_Comprehension
Word_Lib.More_Divides
Word_Lib.Type_Syntax
Word_Lib.Typedef_Morphisms
Word_Lib.Syntax_Bundles
Word_Lib.More_Sublist
Word_Lib.Signed_Words
Word_Lib.Norm_Words
Word_Lib.More_Arithmetic
Word_Lib.More_Word
Word_Lib.Enumeration_Word
Word_Lib.Many_More
Word_Lib.Word_16
AutoCorres2.Distinct_Prop
AutoCorres2.Lens
Word_Lib.Bit_Comprehension_Int
Word_Lib.Word_Names
Word_Lib.Hex_Words
Word_Lib.Bit_Shifts_Infix_Syntax
SPARCv8.RegistersOps
Word_Lib.Rsplit
Word_Lib.Aligned
Word_Lib.Next_and_Prev
Word_Lib.Singleton_Bit_Shifts
SPARCv8.Sparc_Types
SPARCv8.MMU
SPARCv8.Sparc_State
SPARCv8.Sparc_Instruction
SPARCv8.Sparc_Execution
SPARCv8.Sparc_Init_State
Word_Lib.Most_significant_bit
Word_Lib.Generic_set_bit
Word_Lib.Sgn_Abs
Word_Lib.Legacy_Aliases
Word_Lib.Word_EqI
Word_Lib.Boolean_Inequalities
Word_Lib.Word_Lemmas
Word_Lib.Word_8
Word_Lib.Reversed_Bit_Lists
Word_Lib.Bin_sign
Word_Lib.More_Word_Operations
Word_Lib.Bitwise
Word_Lib.Bitwise_Signed
Word_Lib.Word_Syntax
Word_Lib.Word_32
Word_Lib.Word_Lib_Sumo
AutoCorres2.More_Lib
AutoCorres2.Reader_Monad
AutoCorres2.NatBitwise
AutoCorres2.Option_MonadND
Word_Lib.Word_64
Word_Lib.Machine_Word_64_Basics
Word_Lib.Machine_Word_64
AutoCorres2.Word_Lemmas_64_Internal
Word_Lib.Machine_Word_32_Basics
Word_Lib.Machine_Word_32
AutoCorres2.Word_Lemmas_Internal
AutoCorres2.Word_Lemmas_32_Internal
AutoCorres2.WordSetup
AutoCorres2.Addr_Type_ARM64
AutoCorres2.Addr_Type_X64
AutoCorres2.Addr_Type_ARM_HYP
AutoCorres2.Addr_Type_ARM
AutoCorres2.Addr_Type_RISCV64
AutoCorres2.Addr_Type
AutoCorres2.CTypesBase
AutoCorres2.CTypesDefs
AutoCorres2.CTypes
AutoCorres2.HeapRawState
AutoCorres2.Vanilla32_Preliminaries
AutoCorres2.Word_Mem_Encoding_ARM64
AutoCorres2.Word_Mem_Encoding_RISCV64
AutoCorres2.Word_Mem_Encoding_ARM
AutoCorres2.Word_Mem_Encoding_ARM_HYP
AutoCorres2.Word_Mem_Encoding_X64
AutoCorres2.Word_Mem_Encoding
AutoCorres2.Vanilla32
AutoCorres2.CompoundCTypes
AutoCorres2.ArraysMemInstance
AutoCorres2.ArchArraysMemInstance
AutoCorres2.TypHeap
AutoCorres2.Separation_UMM
Applicative_Lifting.Applicative_DNEList
Applicative_Lifting.Applicative_State
Applicative_Lifting.Applicative_Environment_Algebra
Applicative_Lifting.Applicative_Stream
Applicative_Lifting.Stream_Algebra
MFOTL_Checker.Event_Data
MFOTL_Checker.Prelim
MFOTL_Checker.Partition
Combinatorial_Enumeration_Algorithms.Common_Lemmas
Combinatorial_Enumeration_Algorithms.Integer_Compositions
Combinatorial_Enumeration_Algorithms.n_Sequences
Combinatorial_Enumeration_Algorithms.Powerset
Combinatorial_Enumeration_Algorithms.Trees
BD_Security_Compositional.Independent_Secrets
BD_Security_Compositional.Composing_Security
BD_Security_Compositional.Trivial_Security
BD_Security_Compositional.Transporting_Security
BD_Security_Compositional.Composing_Security_Network
Stream_Fusion_Code.Stream_Fusion
Stream_Fusion_Code.Stream_Fusion_List
Isabelle_Meta_Model.Isabelle_typedecl
Isabelle_Meta_Model.Isabelle_Cartouche_Examples
Isabelle_Meta_Model.Isabelle_code_target
Isabelle_Meta_Model.Isabelle_Main0
Isabelle_Meta_Model.Init
Isabelle_Meta_Model.Meta_SML
Isabelle_Meta_Model.Isabelle_code_runtime
Isabelle_Meta_Model.Antiquote_Setup
Isabelle_Meta_Model.Parser_init
Isabelle_Meta_Model.Meta_Pure
Isabelle_Meta_Model.Meta_Isabelle
Isabelle_Meta_Model.Parser_Pure
Isabelle_Meta_Model.Isabelle_Main2
Isabelle_Meta_Model.Isabelle_Main1
Isabelle_Meta_Model.Printer_init
Isabelle_Meta_Model.Printer_Pure
Isabelle_Meta_Model.Printer_SML
Isabelle_Meta_Model.Printer_Isabelle
HOL-Decision_Procs.Algebra_Aux
HOL-Decision_Procs.Conversions
HOL-Decision_Procs.Commutative_Ring
HOL-Decision_Procs.Reflective_Field
HOL-Decision_Procs.Commutative_Ring_Ex
HOL-Decision_Procs.Commutative_Ring_Complete
HOL-Decision_Procs.DP_Library
HOL-Decision_Procs.Dense_Linear_Order
HOL-Decision_Procs.Dense_Linear_Order_Ex
Case_Labeling.Case_Labeling
Case_Labeling.Labeled_Hoare
InformationFlowSlicing.NonInterferenceIntra
InformationFlowSlicing.LiftingIntra
Call_Arity.BalancedTraces
Call_Arity.ConstOn
Call_Arity.List-Interleavings
Call_Arity.TTree
LocalLexing.ListTools
LocalLexing.CFG
LocalLexing.InductRules
LocalLexing.Derivations
LocalLexing.LocalLexing
LocalLexing.Limit
LocalLexing.LLEarleyParsing
LocalLexing.LocalLexingLemmas
LocalLexing.Validity
LocalLexing.TheoremD2
LocalLexing.TheoremD4
LocalLexing.TheoremD5
LocalLexing.TheoremD6
LocalLexing.TheoremD7
LocalLexing.TheoremD8
LocalLexing.TheoremD9
LocalLexing.Ladder
LocalLexing.TheoremD10
LocalLexing.TheoremD11
LocalLexing.TheoremD12
LocalLexing.TheoremD13
LocalLexing.TheoremD14
LocalLexing.PathLemmas
LTL3_Semantics.AnswerIndexedFamilies
LTL3_Semantics.Traces
LTL3_Semantics.LinearTemporalLogic
Prop_Compactness.HintikkaTheory
Prop_Compactness.MaximalHintikka
Prop_Compactness.BinaryTreeEnumeration
Prop_Compactness.FormulaEnumeration
Prop_Compactness.ModelExistence
Prog_Prove.LaTeXsugar
IMP2.Named_Simpsets
IMP2.Syntax
IMP2.Parser
IMP2.Subgoal_Focus_Some
IMP2.IMP2_Utils
IMP2.IMP2_Aux_Lemmas
IMP2.Semantics
IMP2.IMP2_Var_Postprocessor
IMP2.IMP2_Basic_Simpset
IMP2.Annotated_Syntax
IMP2.IMP2_Basic_Decls
IMP2.IMP2_Program_Analysis
IMP2.IMP2_Var_Abs
IMP2.IMP2_VCG
IMP2.IMP2_Specification
IMP2.IMP2
Ribbon_Proofs.Ribbons_Basic
Ribbon_Proofs.JHelper
Ribbon_Proofs.Proofchain
Computational_pAdics.Distinguished_Quotients
LLL_Basis_Reduction.List_Representation
LLL_Basis_Reduction.More_IArray
LLL_Basis_Reduction.Cost
PAC_Checker.PAC_Version
PAC_Checker.PAC_Misc
Noninterference_Ipurge_Unwinding.IpurgeUnwinding
Noninterference_Ipurge_Unwinding.DeterministicProcesses
ResiduatedTransitionSystem.ResiduatedTransitionSystem
Binomial-Queues.PQ
Binomial-Queues.Binomial_Queue
Separation_Algebra.Types_D
Separation_Algebra.Separation_Algebra_Alt
Separation_Algebra.Separation_Algebra
Separation_Algebra.Sep_Tactics
Separation_Algebra.Sep_Heap_Instance
Separation_Algebra.Map_Extra
Separation_Algebra.Abstract_Separation_D
Floyd_Warshall.Floyd_Warshall
Inductive_Confidentiality.Message
Inductive_Confidentiality.Event
Inductive_Confidentiality.Public
Inductive_Confidentiality.NS_Public_Bad
Inductive_Confidentiality.MessageGA
Inductive_Confidentiality.EventGA
Inductive_Confidentiality.PublicGA
Inductive_Confidentiality.NS_Public_Bad_GA
HOL-Computational_Algebra.Group_Closure
HOL-Computational_Algebra.Factorial_Ring
HOL-Computational_Algebra.Fraction_Field
HOL-Computational_Algebra.Euclidean_Algorithm
HOL-Computational_Algebra.Normalized_Fraction
HOL-Computational_Algebra.Primes
HOL-Computational_Algebra.Squarefree
HOL-Computational_Algebra.Nth_Powers
HOL-Algebra.Exponent
HOL-Algebra.Sylow
HOL-Algebra.IntRing
HOL-Algebra.SimpleGroups
HOL-Algebra.Elementary_Groups
HOL-Algebra.Exact_Sequence
Simple_Firewall.L4_Protocol
Simple_Firewall.Iface
Simple_Firewall.Simple_Packet
Simple_Firewall.SimpleFw_Syntax
Allen_Calculus.xor_cal
Allen_Calculus.axioms
Allen_Calculus.allen
Allen_Calculus.jointly_exhaustive
Allen_Calculus.disjoint_relations
Orbit_Stabiliser.Orbit_Stabiliser
ADS_Functor.Merkle_Interface
ADS_Functor.ADS_Construction
ADS_Functor.Inclusion_Proof_Construction
Mission_Time_LTL_to_Regular_Expression.WEST_Algorithms
Mission_Time_LTL_to_Regular_Expression.WEST_Proofs
Posix-Lexing.Regular_Exps3
Posix-Lexing.Lexer
Posix-Lexing.LexicalVals
Posix-Lexing.Derivatives3
Posix-Lexing.Lexer3
Posix-Lexing.LexicalVals3
MiniML.Maybe
MiniML.Type
MiniML.Instance
MiniML.Generalize
MiniML.MiniML
LTL_to_DRA.Preliminaries2
LTL_to_DRA.LTL_FGXU
LTL_to_DRA.Map2
LTL_to_DRA.Mapping2
LTL_to_DRA.DTS
LTL_to_DRA.Rabin
LTL_to_DRA.Semi_Mojmir
LTL_to_DRA.Mojmir
LEM.Lem_bool
LEM.Lem_basic_classes
LEM.Lem_tuple
LEM.Lem_function
LEM.Lem_maybe
UTP-Toolkit.Total_Recall
UTP-Toolkit.List_Lexord_Alt
Menger.Graph
Menger.Helpers
Menger.Separations
Menger.DisjointPaths
Menger.MengerInduction
Menger.Y_eq_new_last
Menger.Y_neq_new_last
Splitting_Framework.List_Extra
Integration.Sigma_Algebra
Functional-Automata.MaxPrefix
Functional-Automata.AutoProj
Functional-Automata.DA
Functional-Automata.RegSet_of_nat_DA
Functional-Automata.NA
Functional-Automata.NAe
Functional-Automata.RegExp2NAe
Functional-Automata.Automata
Functional-Automata.RegExp2NA
Functional-Automata.AutoRegExp
Functional-Automata.Execute
Functional-Automata.MaxChop
Functional-Automata.AutoMaxChop
Hoare_Time.Product_Separation_Algebra
Hoare_Time.Sep_Algebra_Add
Hoare_Time.AExp
Hoare_Time.BExp
Hoare_Time.Com
Hoare_Time.Vars
Hoare_Time.Partial_Evaluation
Hoare_Time.Big_Step
Hoare_Time.Big_StepT
Hoare_Time.Big_StepT_Partial
Hoare_Time.SepLog_Hoare
Hoare_Time.SepLogK_Hoare
Hoare_Time.SepLogK_VCG
Hoare_Time.Nielson_Hoare
Hoare_Time.Nielson_VCG
Hoare_Time.Nielson_VCGi
Hoare_Time.Nielson_VCGi_complete
PLM.TAO_1_Embedding
PLM.TAO_2_Semantics
PLM.TAO_3_Quantifiable
PLM.TAO_4_BasicDefinitions
PLM.TAO_5_MetaSolver
PLM.TAO_6_Identifiable
PLM.TAO_7_Axioms
PLM.TAO_98_ArtificialTheorems
PLM.TAO_8_Definitions
PLM.TAO_9_PLM
PLM.TAO_10_PossibleWorlds
PLM.TAO_99_Paradox
Tree_Decomposition.Graph
Tree_Decomposition.Tree
Tree_Decomposition.TreeDecomposition
Tree_Decomposition.TreewidthCompleteGraph
SM.SM_Syntax
SM.SOS_Misc_Add
SM.SM_State
HOL-Lattice.Orders
HOL-Lattice.Bounds
HOL-Lattice.Lattice
HOL-Lattice.CompleteLattice
HRB-Slicing.AuxLemmas
HRB-Slicing.BasicDefs
HRB-Slicing.CFG
HRB-Slicing.CFGExit
HRB-Slicing.Com
HRB-Slicing.Labels
HRB-Slicing.ReturnAndCallNodes
HRB-Slicing.Observable
HRB-Slicing.SemanticsCFG
HRB-Slicing.Postdomination
HRB-Slicing.Distance
HRB-Slicing.CFG_wf
HRB-Slicing.CFGExit_wf
HRB-Slicing.SDG
HRB-Slicing.HRBSlice
HRB-Slicing.SCDObservable
HRB-Slicing.Slice
HRB-Slicing.WeakSimulation
HRB-Slicing.FundamentalProperty
HRB-Slicing.ProcState
HRB-Slicing.PCFG
HRB-Slicing.WellFormProgs
HRB-Slicing.Interpretation
HRB-Slicing.WellFormed
HRB-Slicing.ValidPaths
HRB-Slicing.ProcSDG
Generalized_Counting_Sort.Algorithm
Generalized_Counting_Sort.Conservation
Generalized_Counting_Sort.Sorting
Alpha_Beta_Pruning.LaTeXsugar2
Generic_Deriving.Derive_Datatypes
Generic_Deriving.Tagged_Prod_Sum
Generic_Deriving.Derive
Karatsuba.Estimation_Method
Karatsuba.Time_Monad_Extended
Karatsuba.Main_TM
Karatsuba.Abstract_Representations_2
Karatsuba.Abstract_Representations
HOL.Archimedean_Field
Jinja.Semilat
Jinja.Auxiliary
Jinja.Type
Jinja.Decl
Jinja.TypeRel
Jinja.Value
Jinja.Objects
Jinja.JVMState
Jinja.Exceptions
Jinja.SystemClasses
Jinja.State
Jinja.JVMInstructions
Jinja.JVMExceptions
Jinja.Conform
Jinja.Expr
Jinja.SmallStep
Jinja.BigStep
Jinja.Examples
Jinja.execute_Bigstep
Jinja.J1
Jinja.WellForm
Jinja.WWellForm
Jinja.Equivalence
Jinja.JVMExecInstr
Jinja.JVMExec
Jinja.JVMDefensive
Jinja.JVMListExample
Jinja.PCompiler
Jinja.Compiler2
Jinja.Correctness2
Jinja.Err
Jinja.Opt
Jinja.Listn
Jinja.WellType
Jinja.execute_WellType
Jinja.WellTypeRT
Jinja.Annotate
Jinja.DefAss
Jinja.JWellForm
Jinja.J1WellForm
Jinja.Progress
Jinja.TypeSafe
Jinja.Product
Jinja.Semilattices
Jinja.SemiType
Jinja.JVM_SemiType
Jinja.Effect
Jinja.BVSpec
Jinja.EffectMono
Jinja.Typing_Framework_1
Jinja.Typing_Framework_2
Jinja.SemilatAlg
Jinja.Typing_Framework_err
Jinja.Kildall_1
Jinja.Kildall_2
Jinja.LBVSpec
Jinja.LBVCorrect
Jinja.LBVComplete
Jinja.Abstract_BV
Jinja.TF_JVM
Jinja.LBVJVM
Jinja.BVExec
Jinja.BVConform
Jinja.BVSpecTypeSafe
Jinja.BVExample
HRB-Slicing.JVMCFG
HRB-Slicing.JVMInterpretation
HRB-Slicing.JVMCFG_wf
Jinja.BVNoTypeError
HRB-Slicing.JVMPostdomination
HRB-Slicing.JVMSDG
SequentInvertibility.MultiSequents
SequentInvertibility.SRCTransforms
SequentInvertibility.SingleSuccedent
SequentInvertibility.ModalSequents
Certification_Monads.Error_Monad
Certification_Monads.Check_Monad
Pre_Star_CFG.Labeled_Transition_System
Pre_Star_CFG.LTS_Automata
Category3.Category
Category3.DiscreteCategory
Category3.EpiMonoIso
Category3.InitialTerminal
Category3.ConcreteCategory
Category3.FreeCategory
Category3.ProductCategory
Category3.DualCategory
Category3.Functor
Category3.Subcategory
Category3.SetCategory
Category3.SetCat
Category3.NaturalTransformation
Category3.BinaryFunctor
Category3.FunctorCategory
Category3.Yoneda
Category3.Adjunction
Category3.EquivalenceOfCategories
Category3.Limit
Category3.Colimit
Category3.CategoryWithPullbacks
Category3.CartesianCategory
Category3.CartesianClosedCategory
Category3.CategoryWithFiniteLimits
Nested_Multisets_Ordinals.Multiset_More
Nested_Multisets_Ordinals.Signed_Multiset
Nested_Multisets_Ordinals.Nested_Multiset
Nested_Multisets_Ordinals.Hereditary_Multiset
Nested_Multisets_Ordinals.Signed_Hereditary_Multiset
Nested_Multisets_Ordinals.Duplicate_Free_Multiset
InformationFlowSlicing_Inter.NonInterferenceInter
JinjaThreads.Semilat
JinjaThreads.Set_Monad
JinjaThreads.Orders
JinjaThreads.Err
JinjaThreads.Product
JinjaThreads.Opt
JinjaThreads.Set_without_equal
JinjaThreads.Listn
JinjaThreads.Semilattices
JinjaThreads.Typing_Framework
JinjaThreads.SemilatAlg
JinjaThreads.Typing_Framework_err
JinjaThreads.LBVSpec
JinjaThreads.LBVCorrect
JinjaThreads.LBVComplete
JinjaThreads.ListIndex
Category_Set.Cfunc
Category_Set.Product
Category_Set.Terminal
Category_Set.Equalizer
Category_Set.Truth
Category_Set.Equivalence
Category_Set.Coproduct
Category_Set.Axiom_Of_Choice
Category_Set.Pred_Logic
Category_Set.Initial
Category_Set.Exponential_Objects
Category_Set.Quant_Logic
Category_Set.Nats
Category_Set.Nat_Parity
Category_Set.Cardinality
Category_Set.Fixed_Points
Category_Set.Countable
HOL-Hahn_Banach.Zorn_Lemma
Completeness.Tree
Completeness.PermutationLemmas
Completeness.Base
Completeness.Formula
Completeness.Sequents
Completeness.Completeness
IOA-Storage.Action
Region_Quadtrees.Quad_Base
LambdaMu.Syntax
LambdaMu.DeBruijn
LambdaMu.Types
LambdaMu.Substitution
LambdaMu.Reduction
LambdaMu.ContextFacts
LambdaMu.TypePreservation
Locally-Nameless-Sigma.ListPre
Locally-Nameless-Sigma.FMap
Locally-Nameless-Sigma.Sigma
Locally-Nameless-Sigma.Environments
Locally-Nameless-Sigma.TypedSigma
Core_DOM.Testing_Utils
Core_DOM.Hiding_Type_Variables
Core_DOM.Heap_Error_Monad
Core_DOM.Core_DOM_Basic_Datatypes
Core_DOM.Ref
Core_DOM.ObjectPointer
Core_DOM.NodePointer
Core_DOM.ElementPointer
Core_DOM.CharacterDataPointer
Core_DOM.DocumentPointer
CryptoBasedCompositionalProperties.Secrecy_types
CryptoBasedCompositionalProperties.ListExtras
CryptoBasedCompositionalProperties.inout
CryptoBasedCompositionalProperties.Secrecy
CryptoBasedCompositionalProperties.CompLocalSecrets
Real_Time_Deque.Type_Classes
Real_Time_Deque.Deque
Real_Time_Deque.RTD_Util
Real_Time_Deque.Stack
Real_Time_Deque.Current
Real_Time_Deque.Idle
Real_Time_Deque.Common
Real_Time_Deque.Small
Real_Time_Deque.Big
Real_Time_Deque.Stack_Aux
Real_Time_Deque.Current_Aux
Real_Time_Deque.Stack_Proof
Real_Time_Deque.Current_Proof
Real_Time_Deque.States
Real_Time_Deque.RealTimeDeque
Real_Time_Deque.Idle_Aux
Real_Time_Deque.Idle_Proof
Real_Time_Deque.Common_Aux
Real_Time_Deque.Big_Aux
Real_Time_Deque.Common_Proof
Real_Time_Deque.Big_Proof
Real_Time_Deque.Small_Aux
Real_Time_Deque.Small_Proof
Real_Time_Deque.States_Aux
Real_Time_Deque.States_Proof
Real_Time_Deque.RealTimeDeque_Aux
Real_Time_Deque.RealTimeDeque_Enqueue_Proof
Real_Time_Deque.RealTimeDeque_Dequeue_Proof
Architectural_Design_Patterns.Auxiliary
RefinementReactive.Refinement
RefinementReactive.Temporal
Min_Max_Least_Greatest.Min_Max_Least_Greatest_Multiset
Gauss_Jordan.Code_Set
Gauss_Jordan.Code_Z2
Gauss_Jordan.IArray_Addenda
OpSets.OpSet
OpSets.Insert_Spec
HOL.Hull
Dict_Construction.Dict_Construction
Flyspeck-Tame.Quasi_Order
Flyspeck-Tame.IArray_Syntax
Flyspeck-Tame.ListAux
Flyspeck-Tame.ListSum
Flyspeck-Tame.Arch
Flyspeck-Tame.RTranCl
Flyspeck-Tame.Worklist
Flyspeck-Tame.Maps
Flyspeck-Tame.PlaneGraphIso
Flyspeck-Tame.Rotation
Flyspeck-Tame.Graph
Flyspeck-Tame.Tame
Flyspeck-Tame.FaceDivision
Flyspeck-Tame.TameProps
Flyspeck-Tame.Enumerator
Flyspeck-Tame.Plane
Flyspeck-Tame.Plane1
Flyspeck-Tame.Generator
Flyspeck-Tame.TameEnum
Flyspeck-Tame.GraphProps
Flyspeck-Tame.EnumeratorProps
Flyspeck-Tame.FaceDivisionProps
Flyspeck-Tame.Invariants
Flyspeck-Tame.PlaneProps
Flyspeck-Tame.ScoreProps
Flyspeck-Tame.LowerBound
Flyspeck-Tame.Plane1Props
Flyspeck-Tame.GeneratorProps
Flyspeck-Tame.TameEnumProps
Consensus_Refined.Infra
Consensus_Refined.Refinement
Consensus_Refined.Consensus_Misc
Consensus_Refined.Three_Steps
Consensus_Refined.Two_Steps
Consensus_Refined.Consensus_Types
Consensus_Refined.Quorums
Consensus_Refined.Voting
Consensus_Refined.Same_Vote
Consensus_Refined.MRU_Vote
Consensus_Refined.Voting_Opt
Consensus_Refined.Observing_Quorums
Consensus_Refined.MRU_Vote_Opt
Consensus_Refined.Three_Step_MRU
Consensus_Refined.Observing_Quorums_Opt
Consensus_Refined.Two_Step_Observing
Refine_Imperative_HOL.Structured_Apply
Refine_Imperative_HOL.Named_Theorems_Rev
Refine_Imperative_HOL.Concl_Pres_Clarification
Heard_Of.HOModel
Heard_Of.EigbyzDefs
Consensus_Refined.Uv_Defs
Heard_Of.UteDefs
Heard_Of.OneThirdRuleDefs
Consensus_Refined.CT_Defs
Heard_Of.AteDefs
Consensus_Refined.Ate_Defs
Heard_Of.Majorities
Heard_Of.LastVotingDefs
Consensus_Refined.Paxos_Defs
Consensus_Refined.HO_Transition_System
Heard_Of.UvDefs
Consensus_Refined.New_Algorithm_Defs
Consensus_Refined.OneThirdRule_Defs
Consensus_Refined.BenOr_Defs
Subresultants.Binary_Exponentiation
Transport.HOL_Alignment_Orders
Transport.HOL_Algebra_Alignment_Orders
Transport.HOL_Algebra_Alignment_Galois
Slicing.JVMCFG
Slicing.JVMInterpretation
Slicing.JVMCFG_wf
Slicing.SemanticsWF
Slicing.JVMPostdomination
Slicing.JVMControlDependences
FLP.Multiset
FLP.ListUtilities
FLP.AsynchronousSystem
FLP.FLPSystem
FLP.Execution
FLP.FLPTheorem
HOL-NanoJava.Term
HOL-NanoJava.Decl
HOL-NanoJava.TypeRel
HOL-NanoJava.State
HOL-NanoJava.OpSem
HOL-NanoJava.AxSem
HOL-NanoJava.Equivalence
Munta_Base.Error_List_Monad
Munta_Base.TA_Impl_Misc
Munta_Base.Printing
Munta_Base.ML_Util
Munta_Base.Abstract_Term
Munta_Base.Reordering_Quantifiers
Munta_Base.More_Methods
HOL-Proofs-Lambda.Commutation
HOL-Proofs-Lambda.Lambda
HOL-Proofs-Lambda.ParRed
HOL-Proofs-Lambda.Eta
HOL-Proofs-Lambda.ListOrder
HOL-Proofs-Lambda.ListApplication
HOL-Proofs-Lambda.LambdaType
HOL-Proofs-Lambda.ListBeta
HOL-Proofs-Lambda.InductTermi
HOL-Proofs-Lambda.NormalForm
Core_SC_DOM.Testing_Utils
Core_SC_DOM.Hiding_Type_Variables
Core_SC_DOM.Heap_Error_Monad
Core_SC_DOM.Ref
Core_SC_DOM.ObjectPointer
Core_SC_DOM.NodePointer
Core_SC_DOM.ElementPointer
Core_SC_DOM.CharacterDataPointer
Core_SC_DOM.DocumentPointer
Core_SC_DOM.ShadowRootPointer
Core_SC_DOM.Core_DOM_Basic_Datatypes
Coupledsim_Contrasim.Simple_Game
Coupledsim_Contrasim.Transition_Systems
Coupledsim_Contrasim.Weak_Transition_Systems
Coupledsim_Contrasim.Strong_Relations
Coupledsim_Contrasim.Weak_Relations
Coupledsim_Contrasim.Contrasimulation
Coupledsim_Contrasim.Contrasim_Set_Game
Coupledsim_Contrasim.HM_Logic_Infinitary
Coupledsim_Contrasim.Coupled_Simulation
Containers.Equal
Containers.Containers_Auxiliary
Containers.Card_Datatype
Containers.AssocList
Containers.Closure_Set
Containers.Extend_Partial_Order
Containers.List_Fusion
Containers.RBT_ext
Containers.Lexicographic_Order
Containers.Set_Linorder
Regular-Sets.Equivalence_Checking
Regular-Sets.Regexp_Method
AWN.Lib
AWN.AWN
AWN.AWN_Cterms
AWN.AWN_Labels
AWN.Inv_Cterms
AWN.TransitionSystems
AWN.OAWN_SOS
AWN.AWN_SOS
AWN.AWN_SOS_Labels
AWN.OAWN_SOS_Labels
AWN.Invariants
AWN.Pnet
AWN.Closed
AWN.AWN_Invariants
AWN.OInvariants
AWN.ONode_Lifting
AWN.OAWN_Invariants
AWN.OAWN_Convert
AWN.Qmsg
AWN.Qmsg_Lifting
AWN.OPnet
AWN.OPnet_Lifting
AWN.OClosed_Lifting
AWN.OClosed_Transfer
AWN.AWN_Main
Priority_Search_Trees.Prio_Map_Specs
UPF.Monads
UPF.UPFCore
UPF.ElementaryPolicies
UPF.SeqComposition
UPF.ParallelComposition
UPF.Analysis
UPF.Normalisation
UPF.NormalisationTestSpecification
UPF.UPF
UPF.Service
PseudoHoops.Operations
PseudoHoops.PseudoWaisbergAlgebra
Multiset_Ordering_NPC.Propositional_Formula
HOL-Auth.Message
HOL-Auth.Event
HOL-Auth.EventSC
HOL-Auth.Extensions
HOL-Auth.List_Msg
HOL-Auth.All_Symmetric
HOL-Auth.Smartcard
HOL-Auth.ShoupRubinBella
HOL-Auth.Shared
HOL-Auth.Public
HOL-Auth.KerberosIV
HOL-Auth.Yahalom
HOL-Auth.Recur
HOL-Auth.OtwayRees
HOL-Auth.NS_Public
HOL-Auth.OtwayRees_AN
HOL-Auth.NS_Public_Bad
HOL-Auth.TLS
HOL-Auth.KerberosIV_Gets
HOL-Auth.KerberosV
HOL-Auth.ZhouGollmann
HOL-Auth.OtwayReesBella
HOL-Auth.Yahalom_Bad
HOL-Auth.Kerberos_BAN_Gets
HOL-Auth.OtwayRees_Bad
HOL-Auth.NS_Shared
HOL-Auth.Kerberos_BAN
HOL-Auth.Yahalom2
HOL-Auth.Analz
HOL-Auth.GuardK
HOL-Auth.Guard
HOL-Auth.Guard_Shared
HOL-Auth.Guard_OtwayRees
HOL-Auth.Guard_Yahalom
HOL-Auth.CertifiedEmail
HOL-Auth.WooLam
HOL-Auth.Guard_Public
HOL-Auth.P1
HOL-Auth.Proto
HOL-Auth.Guard_NS_Public
HOL-Auth.P2
HOL-Auth.ShoupRubin
ConcurrentGC.Model
ConcurrentGC.Proofs_Basis
ConcurrentGC.Local_Invariants
ConcurrentGC.Local_Invariants_Lemmas
ConcurrentGC.Tactics
ConcurrentGC.Global_Invariants
ConcurrentGC.Global_Invariants_Lemmas
ConcurrentGC.StrongTricolour
ConcurrentGC.TSO
ConcurrentGC.Worklists
ConcurrentGC.Global_Noninterference
ConcurrentGC.Noninterference
ConcurrentGC.MarkObject
ConcurrentGC.Valid_Refs
ConcurrentGC.Initial_Conditions
ConcurrentGC.Phases
ConcurrentGC.Concrete_heap
Regex_Equivalence.Automaton
Regex_Equivalence.Position_Autos
Regex_Equivalence.After2
Regex_Equivalence.Before2
Regex_Equivalence.Derivatives_Finite
Regex_Equivalence.Deriv_PDeriv
Regex_Equivalence.Deriv_Autos
FileRefinement.ResizableArrays
FileRefinement.CArrays
Finite_Fields.Finite_Fields_Indexed_Algebra_Code
Finite_Fields.Finite_Fields_Nth_Root_Code
Finite_Fields.Finite_Fields_More_Bijections
Abortable_Linearizable_Modules.Sequences
Abortable_Linearizable_Modules.IOA
Abortable_Linearizable_Modules.Simulations
Abortable_Linearizable_Modules.RDR
Abortable_Linearizable_Modules.SLin
Graph_Theory.Rtrancl_On
Card_Number_Partitions.Additions_to_Main
Card_Number_Partitions.Number_Partition
Card_Number_Partitions.Card_Number_Partitions
Deriving.Derive_Manager
Deriving.Generator_Aux
Deriving.Equality_Generator
Deriving.Equality_Instances
Containers.Containers_Generator
Containers.Collection_Eq
Containers.DList_Set
Deriving.Comparator
Deriving.RBT_Comparator_Impl
Deriving.Compare
Containers.Collection_Enum
Deriving.Comparator_Generator
Deriving.Compare_Generator
Deriving.Compare_Instances
Containers.Collection_Order
Deriving.Compare_Order_Instances
Containers.RBT_Mapping2
Containers.RBT_Set2
Containers.TwoSat_Ex
Containers.List_Proper_Interval
Catoids.Catoid
Catoids.Groupoid
HOL-SPARK.SPARK_Setup
HOL-SPARK.SPARK
Jordan_Normal_Form.DL_Missing_Sublist
Jordan_Normal_Form.DL_Missing_List
Logging_Independent_Anonymity.Definitions
Logging_Independent_Anonymity.Anonymity
Secondary_Sylow.GroupAction
Secondary_Sylow.SubgroupConjugation
Secondary_Sylow.SndSylow
Mereology.PM
Mereology.M
Mereology.MM
Mereology.CM
Mereology.GM
Mereology.GMM
Mereology.EM
Mereology.CEM
Recursion-Theory-I.CPair
Recursion-Theory-I.PRecFun
Recursion-Theory-I.PRecList
Recursion-Theory-I.PRecFun2
Recursion-Theory-I.PRecUnGr
Recursion-Theory-I.PRecFinSet
Recursion-Theory-I.RecEnSet
Store_Buffer_Reduction.SyntaxTweaks
Store_Buffer_Reduction.ReduceStoreBuffer
Store_Buffer_Reduction.ReduceStoreBufferSimulation
Store_Buffer_Reduction.PIMP
Store_Buffer_Reduction.Abbrevs
Store_Buffer_Reduction.Variants
CommCSL.PartialMap
Presburger-Automata.DFS
Presburger-Automata.Presburger_Automata
IP_Addresses.NumberWang_IPv4
IP_Addresses.Lib_Word_toString
IP_Addresses.NumberWang_IPv6
IP_Addresses.WordInterval
IP_Addresses.IP_Address
IP_Addresses.IPv4
IP_Addresses.Prefix_Match
IP_Addresses.CIDR_Split
IP_Addresses.IPv6
IP_Addresses.IP_Address_Parser
IP_Addresses.IP_Address_toString
IP_Addresses.Prefix_Match_toString
Haskell.Haskell
Vickrey_Clarke_Groves.Argmax
Vickrey_Clarke_Groves.SetUtils
Vickrey_Clarke_Groves.Partitions
Vickrey_Clarke_Groves.RelationOperators
Vickrey_Clarke_Groves.RelationProperties
AI_Planning_Languages_Semantics.SASP_Semantics
AI_Planning_Languages_Semantics.SASP_Checker
Dominance_CHK.Dom_Semi_List
Dominance_CHK.Dom_Kildall
Dominance_CHK.Dom_Kildall_Property
GewirthPGCProof.CJDDLplus
GewirthPGCProof.ExtendedDDL
Verified_SAT_Based_AI_Planning.Map_Supplement
Verified_SAT_Based_AI_Planning.List_Supplement
Featherweight_OCL.Featherweight_OCL_Assert
FocusStreamsCaseStudies.ListExtras
FocusStreamsCaseStudies.arith_hints
FocusStreamsCaseStudies.ArithExtras
Isabelle_C.C_Lexer_Language
Isabelle_C.C_Lexer_Annotation
Isabelle_C.C_Ast
Isabelle_C.C_Environment
Isabelle_C.C_Parser_Annotation
Isabelle_C.C_Parser_Language
Isabelle_C.C_Eval
Isabelle_C.C_Command
Isabelle_C.C_Document
Isabelle_C.C_Main
Statecharts.Contrib
Statecharts.Kripke
Statecharts.DataSpace
Statecharts.Data
Statecharts.Update
Statecharts.Expr
Statecharts.SA
Statecharts.HA
Statecharts.HAOps
Statecharts.HASem
Statecharts.HAKripke
Containers-Benchmarks.Benchmark_Set
Containers-Benchmarks.Benchmark_Comparison
SenSocialChoice.FSext
SenSocialChoice.RPRs
SenSocialChoice.SCFs
Perron_Frobenius.Cancel_Card_Constraint
Perron_Frobenius.Bij_Nat
FinFun.FinFun
CondNormReasHOL.DDLcube
TortoiseHare.Basis
InfPathElimination.Graph
InfPathElimination.SubRel
InfPathElimination.SubExt
InfPathElimination.ArcExt
InfPathElimination.Aexp
InfPathElimination.Bexp
InfPathElimination.Labels
InfPathElimination.Store
InfPathElimination.Conf
InfPathElimination.SymExec
InfPathElimination.LTS
Formula_Derivatives.Automaton
Formula_Derivatives.While_Default
Formula_Derivatives.Abstract_Formula
LatticeProperties.WellFoundedTransitive
LatticeProperties.Lattice_Prop
LatticeProperties.Modular_Distrib_Lattice
LatticeProperties.Lattice_Ordered_Group
LatticeProperties.Complete_Lattice_Prop
LatticeProperties.Conj_Disj
Poincare_Disc.Tarski
Core_DOM.ShadowRootPointer
DataRefinementIBP.Preliminaries
DataRefinementIBP.Statements
DataRefinementIBP.Hoare
DataRefinementIBP.Diagram
DataRefinementIBP.DataRefinement
Goedel_Incompleteness.Abstract_Jeroslow_Encoding
Goedel_Incompleteness.Deduction2
Goedel_Incompleteness.Abstract_Encoding
Goedel_Incompleteness.Abstract_Representability
Goedel_Incompleteness.Derivability_Conditions
Goedel_Incompleteness.Standard_Model_More
Goedel_Incompleteness.Jeroslow_Simplified
Goedel_Incompleteness.Diagonalization
Goedel_Incompleteness.Loeb_Formula
Goedel_Incompleteness.Goedel_Formula
Goedel_Incompleteness.Abstract_First_Goedel
Goedel_Incompleteness.Rosser_Formula
Goedel_Incompleteness.Abstract_First_Goedel_Rosser
Goedel_Incompleteness.Tarski
Goedel_Incompleteness.Loeb
Goedel_Incompleteness.Abstract_Second_Goedel
Goedel_Incompleteness.Jeroslow_Original
Nominal_Unification.NU_Swap
Nominal_Unification.NU_Terms
Nominal_Unification.NU_Atoms
Nominal_Unification.NU_Disagreement
Nominal_Unification.NU_Fresh
Nominal_Unification.NU_PreEqu
Nominal_Unification.NU_Equ
Nominal_Unification.NU_Substs
Nominal_Unification.NU_Mgu
Nominal_Unification.NU_Termination
HOL-SPARK-Manual.Simple_Greatest_Common_Divisor
HOL-SPARK-Manual.Proc2
HOL-SPARK-Manual.Proc1
SCL_Simulates_Ground_Resolution.Isabelle_2024_Compatibility
SCL_Simulates_Ground_Resolution.The_Optional
SCL_Simulates_Ground_Resolution.Lower_Set
SCL_Simulates_Ground_Resolution.HOL_Extra_Extra
SCL_Simulates_Ground_Resolution.Full_Run
LOFT.OpenFlow_Helpers
LOFT.OpenFlow_Matches
LOFT.Sort_Descending
LOFT.OpenFlow_Action
LOFT.List_Group
LOFT.Semantics_OpenFlow
LOFT.Featherweight_OpenFlow_Comparison
Khovanskii_Theorem.FiniteProduct
X86_Semantics.BitByte
X86_Semantics.Memory
X86_Semantics.State
X86_Semantics.StateCleanUp
X86_Semantics.X86_InstructionSemantics
X86_Semantics.X86_Parse
X86_Semantics.SymbolicExecution
Card_Partitions.Injectivity_Solver
Card_Partitions.Set_Partition
Card_Partitions.Card_Partitions
Timed_Automata.Instantiate_Existentials
Timed_Automata.More_List1
Three_Squares.Low_Dimensional_Linear_Algebra
HOL-Import.Import_Setup
HOL-Import.HOL_Light_Maps
UTP.utp_parser_utils
Stratified_Datalog.Datalog
Transformer_Semantics.Powerset_Monad
JinjaDCI.TypeRel
JinjaDCI.Value
JinjaDCI.Objects
JinjaDCI.JVMState
JinjaDCI.JVMInstructions
JinjaDCI.Exceptions
JinjaDCI.SystemClasses
JinjaDCI.Expr
JinjaDCI.WellType
JinjaDCI.Annotate
JinjaDCI.WellTypeRT
JinjaDCI.State
JinjaDCI.JVMExceptions
JinjaDCI.WellForm
JinjaDCI.PCompiler
JinjaDCI.WWellForm
JinjaDCI.BigStep
JinjaDCI.J1
JinjaDCI.DefAss
JinjaDCI.SmallStep
JinjaDCI.EConform
JinjaDCI.Conform
JinjaDCI.Progress
JinjaDCI.JWellForm
JinjaDCI.TypeSafe
JinjaDCI.J1WellForm
JinjaDCI.Equivalence
JinjaDCI.JVMExecInstr
JinjaDCI.JVMExec
JinjaDCI.JVMDefensive
JinjaDCI.Compiler2
JinjaDCI.Correctness2
JinjaDCI.SemiType
JinjaDCI.JVM_SemiType
JinjaDCI.Effect
JinjaDCI.EffectMono
JinjaDCI.BVSpec
JinjaDCI.BVConform
JinjaDCI.ClassAdd
JinjaDCI.TF_JVM
JinjaDCI.BVExec
JinjaDCI.StartProg
JinjaDCI.BVSpecTypeSafe
JinjaDCI.BVNoTypeError
JinjaDCI.LBVJVM
HOL-IMP.Complete_Lattice
HOL-IMP.AExp
HOL-IMP.BExp
HOL-IMP.Com
HOL-IMP.Abs_Int_Tests
HOL-IMP.ACom
HOL-IMP.Vars
HOL-IMP.Def_Init_Exp
HOL-IMP.Big_Step
HOL-IMP.Hoare
HOL-IMP.Sec_Type_Expr
HOL-IMP.Sec_TypingT
HOL-IMP.Sem_Equiv
HOL-IMP.Hoare_Total_EX2
HOL-IMP.Star
HOL-IMP.Compiler
HOL-IMP.Small_Step
HOL-IMP.Collecting
HOL-IMP.Abs_Int_init
HOL-IMP.Abs_Int0
HOL-IMP.Abs_State
HOL-IMP.Abs_Int1
HOL-IMP.Abs_Int2
HOL-IMP.Abs_Int2_ivl
HOL-IMP.Def_Init
HOL-IMP.Procs
HOL-IMP.Hoare_Total_EX
Formal_SSA.Serial_Rel
Formal_SSA.Disjoin_Transform
Formal_SSA.While_Combinator_Exts
Formal_SSA.FormalSSA_Misc
Formal_SSA.Mapping_Exts
Formal_SSA.RBT_Mapping_Exts
SuperCalc.terms
SuperCalc.equational_clausal_logic
SuperCalc.multisets_continued
SuperCalc.well_founded_continued
Bicategory.IsomorphismClass
Bicategory.Prebicategory
HOL-IOA.Asig
HOL-IOA.IOA
Aggregation_Algebras.Semigroups_Big
Network_Security_Policy_Verification.TopoS_Vertices
Network_Security_Policy_Verification.TopoS_Interface
Network_Security_Policy_Verification.vertex_example_simps
Network_Security_Policy_Verification.TopoS_withOffendingFlows
Network_Security_Policy_Verification.TopoS_ENF
Network_Security_Policy_Verification.TopoS_Helper
Network_Security_Policy_Verification.TopoS_Composition_Theory
Network_Security_Policy_Verification.SINVAR_Tainting
Network_Security_Policy_Verification.SINVAR_Dependability_norefl
Network_Security_Policy_Verification.SINVAR_Sink
Network_Security_Policy_Verification.SINVAR_NoRefl
Network_Security_Policy_Verification.SINVAR_BLPbasic
Network_Security_Policy_Verification.SINVAR_SubnetsInGW
Network_Security_Policy_Verification.SINVAR_TaintingTrusted
Network_Security_Policy_Verification.TopoS_Stateful_Policy
Network_Security_Policy_Verification.SINVAR_BLPtrusted
Network_Security_Policy_Verification.SINVAR_CommunicationPartners
Network_Security_Policy_Verification.SINVAR_NonInterference
Network_Security_Policy_Verification.SINVAR_SecGwExt
Network_Security_Policy_Verification.SINVAR_Dependability
Network_Security_Policy_Verification.SINVAR_Subnets
Network_Security_Policy_Verification.SINVAR_ACLcommunicateWith
Network_Security_Policy_Verification.SINVAR_ACLnotCommunicateWith
Network_Security_Policy_Verification.SINVAR_DomainHierarchyNG
Network_Security_Policy_Verification.TopoS_Stateful_Policy_Algorithm
Automated_Stateful_Protocol_Verification.ml_yacc_lib
List-Index.List_Index
Formula_Derivatives.Presburger_Formula
JinjaDCI.Hidden
JinjaDCI.Compiler1
JinjaDCI.Correctness1
JinjaDCI.Compiler
JinjaDCI.TypeComp
PropResPI.Propositional_Resolution
Constructor_Funs.Constructor_Funs
Transitive-Closure.Transitive_Closure_Impl
Transitive-Closure.Transitive_Closure_List_Impl
Network_Security_Policy_Verification.FiniteListGraph
Network_Security_Policy_Verification.TopoS_Interface_impl
Network_Security_Policy_Verification.SINVAR_Dependability_norefl_impl
Network_Security_Policy_Verification.SINVAR_NonInterference_impl
Network_Security_Policy_Verification.SINVAR_BLPtrusted_impl
Network_Security_Policy_Verification.SINVAR_SecGwExt_impl
Network_Security_Policy_Verification.SINVAR_Tainting_impl
Network_Security_Policy_Verification.SINVAR_CommunicationPartners_impl
Network_Security_Policy_Verification.SINVAR_BLPbasic_impl
Network_Security_Policy_Verification.SINVAR_Subnets_impl
Network_Security_Policy_Verification.SINVAR_Dependability_impl
Network_Security_Policy_Verification.SINVAR_SubnetsInGW_impl
Network_Security_Policy_Verification.SINVAR_ACLnotCommunicateWith_impl
Network_Security_Policy_Verification.SINVAR_DomainHierarchyNG_impl
Network_Security_Policy_Verification.SINVAR_Sink_impl
Network_Security_Policy_Verification.SINVAR_NoRefl_impl
Network_Security_Policy_Verification.TopoS_Composition_Theory_impl
Network_Security_Policy_Verification.TopoS_Stateful_Policy_impl
Network_Security_Policy_Verification.METASINVAR_SystemBoundary
Network_Security_Policy_Verification.SINVAR_TaintingTrusted_impl
Network_Security_Policy_Verification.SINVAR_ACLcommunicateWith_impl
WOOT_Strong_Eventual_Consistency.ErrorMonad
WOOT_Strong_Eventual_Consistency.Sorting
GPU_Kernel_PL.Misc
GPU_Kernel_PL.KPL_syntax
GPU_Kernel_PL.KPL_wellformedness
GPU_Kernel_PL.KPL_state
GPU_Kernel_PL.KPL_execution_thread
GPU_Kernel_PL.KPL_execution_group
GPU_Kernel_PL.KPL_execution_kernel
Berlekamp_Zassenhaus.Arithmetic_Record_Based
Simpl.Language
Simpl.Semantic
Simpl.Termination
Simpl.SmallStep
Simpl.HoarePartialDef
Simpl.HoarePartialProps
Simpl.HoarePartial
Simpl.HoareTotalDef
Simpl.AlternativeSmallStep
Simpl.Simpl_Heap
Simpl.HeapList
Simpl.HoareTotalProps
Simpl.Compose
Simpl.HoareTotal
Simpl.Hoare
Simpl.StateSpace
Simpl.Closure
Iptables_Semantics.WordInterval_Lists
Iptables_Semantics.Tagged_Packet
Iptables_Semantics.Word_Upto
Iptables_Semantics.L4_Protocol_Flags
Iptables_Semantics.Ports
Iptables_Semantics.IpAddresses
Iptables_Semantics.Common_Primitive_Syntax
Iptables_Semantics.Common_Primitive_Matcher_Generic
Iptables_Semantics.Common_Primitive_Matcher
Iptables_Semantics.Conntrack_State_Transform
Iptables_Semantics.Common_Primitive_Lemmas
Iptables_Semantics.Ports_Normalize
Iptables_Semantics.Protocols_Normalize
Iptables_Semantics.IpAddresses_Normalize
Iptables_Semantics.Interfaces_Normalize
Workflow_Net_Fitness_Measures.WorkflowNets
Workflow_Net_Fitness_Measures.Counterexample
Z_Toolkit.Def_Const
Z_Toolkit.Tabulate_Command
Z_Toolkit.Haskell_Show
Z_Toolkit.Enum_Type
Z_Toolkit.Overriding
Z_Toolkit.Record_Default_Instance
LP_Duality.Minimum_Maximum
CRDT.Util
CRDT.Convergence
CRDT.Ordered_List
CRDT.Network
Chandy_Lamport.Util
Chandy_Lamport.Distributed_System
Chandy_Lamport.Swap
Chandy_Lamport.Trace
Chandy_Lamport.Snapshot
VolpanoSmith.Semantics
VolpanoSmith.secTypes
Modular_Assembly_Kit_Security.Prefix
Modular_Assembly_Kit_Security.Projection
Modular_Assembly_Kit_Security.EventSystems
Modular_Assembly_Kit_Security.StateEventSystems
Modular_Assembly_Kit_Security.Views
Modular_Assembly_Kit_Security.BasicSecurityPredicates
Modular_Assembly_Kit_Security.InformationFlowProperties
Modular_Assembly_Kit_Security.BSPTaxonomy
Modular_Assembly_Kit_Security.CompositionBase
Modular_Assembly_Kit_Security.GeneralizedZippingLemma
Modular_Assembly_Kit_Security.CompositionSupport
Modular_Assembly_Kit_Security.UnwindingConditions
Modular_Assembly_Kit_Security.AuxiliaryLemmas
Abs_Int_ITP2012.Complete_Lattice_ix
Abs_Int_ITP2012.ACom
Abs_Int_ITP2012.Collecting
Abs_Int_ITP2012.Abs_Int0
Abs_Int_ITP2012.Abs_State
Abs_Int_ITP2012.Abs_Int1
Abs_Int_ITP2012.Abs_Int2
Abs_Int_ITP2012.Abs_Int2_ivl
VerifyThis2018.DF_System
ROBDD.Bool_Func
ROBDD.Option_Helpers
ROBDD.Pointer_Map
ROBDD.BDT
BurrowsWheeler.Nat_Mod_Helper
Safe_OCL.Errorable
Safe_OCL.Transitive_Closure_Ext
Axiom_Free_Ontological_Trinity.Axiom_Free_Ontological_Trinity
Axiom_Free_Ontological_Trinity.Diagnostics_Nitpick
Resolution_FOL.Tree
Transition_Systems_and_Automata.Sequence
Transition_Systems_and_Automata.Transition_System
MLSS_Decision_Proc.MLSS_Logic
Fresh_Identifiers.Fresh
MLSS_Decision_Proc.MLSS_Suc_Theory
Fresh_Identifiers.Fresh_Nat
Fresh_Identifiers.Fresh_String
Polynomial_Factorization.Precomputation
Separation_Logic_Imperative_HOL.Syntax_Match
Separation_Logic_Imperative_HOL.Default_Insts
Probabilistic_Timed_Automata.Finiteness
List_Update.RExp_Var
List_Update.Inversion
List_Update.Swaps
DPRM_Theorem.RegisterMachineSpecification
DPRM_Theorem.Parametric_Polynomials
DPRM_Theorem.Assignments
DPRM_Theorem.Diophantine_Relations
DPRM_Theorem.Existential_Quantifier
DPRM_Theorem.Modulo_Divisibility
DPRM_Theorem.Equation_Setup
DPRM_Theorem.RegisterMachineProperties
DPRM_Theorem.RegisterMachineSimulation
DPRM_Theorem.SingleStepRegister
DPRM_Theorem.MultipleStepRegister
DPRM_Theorem.SingleStepState
SuffixArray.List_Lexorder_Util
SuffixArray.Simple_SACA
Isabelle_hoops.Posets
Isabelle_hoops.Hoops
Isabelle_hoops.Ordinal_Sums
Isabelle_hoops.Totally_Ordered_Hoops
Extended_Finite_State_Machines.AExp
Extended_Finite_State_Machines.AExp_Lexorder
Extended_Finite_State_Machines.GExp
Extended_Finite_State_Machines.GExp_Lexorder
Extended_Finite_State_Machines.Transition
Extended_Finite_State_Machines.Transition_Lexorder
HOL-ZF.LProd
HOL-ZF.HOLZF
HOL-ZF.Zet
HOL-ZF.MainZF
Free-Groups.Cancelation
Free-Groups.C2
Free-Groups.Generators
Free-Groups.FreeGroups
Free-Groups.PingPongLemma
Free-Groups.UnitGroup
Sumcheck_Protocol.Substitutions
RSAPSS.Wordarith
RSAPSS.EMSAPSS
RSAPSS.Pdifference
RSAPSS.Productdivides
ResiduatedTransitionSystem2.CategoryWithBoundedPushouts
ResiduatedTransitionSystem2.Preliminaries
Factored_Transition_System_Bounding.ListUtils
Factored_Transition_System_Bounding.FSSublist
HereditarilyFinite.HF
HereditarilyFinite.Ordinal
HereditarilyFinite.Finitary
HereditarilyFinite.Rank
HereditarilyFinite.OrdArith
Category3.HF_SetCat
HOL-MicroJava.Semilat
HOL-MicroJava.Err
HOL-MicroJava.Listn
HOL-MicroJava.Product
HOL-MicroJava.Opt
HOL-MicroJava.Semilattices
HOL-MicroJava.Typing_Framework
HOL-MicroJava.SemilatAlg
HOL-MicroJava.Typing_Framework_err
HOL-MicroJava.Kildall
HOL-MicroJava.LBVSpec
HOL-MicroJava.LBVCorrect
HOL-MicroJava.LBVComplete
HOL-MicroJava.Abstract_BV
HOL-MicroJava.JBasis
HOL-MicroJava.Type
HOL-MicroJava.AuxLemmas
HOL-MicroJava.Value
HOL-MicroJava.Term
HOL-MicroJava.Decl
HOL-MicroJava.SystemClasses
HOL-MicroJava.TypeRel
HOL-MicroJava.WellForm
HOL-MicroJava.JType
HOL-MicroJava.WellType
HOL-MicroJava.State
HOL-MicroJava.Eval
HOL-MicroJava.Exceptions
HOL-MicroJava.Conform
HOL-MicroJava.JTypeSafe
HOL-MicroJava.JVMState
HOL-MicroJava.JVMInstructions
HOL-MicroJava.TypeInf
HOL-MicroJava.JVMType
HOL-MicroJava.JVMExceptions
HOL-MicroJava.Effect
HOL-MicroJava.EffectMono
HOL-MicroJava.BVSpec
HOL-MicroJava.Altern
HOL-MicroJava.Typing_Framework_JVM
HOL-MicroJava.JVM
HOL-MicroJava.LBVJVM
HOL-MicroJava.JVMExecInstr
HOL-MicroJava.JVMExec
HOL-MicroJava.Correct
HOL-MicroJava.BVSpecTypeSafe
HOL-MicroJava.JVMDefensive
HOL-MicroJava.DefsComp
HOL-MicroJava.Index
HOL-MicroJava.TranslCompTp
HOL-MicroJava.TranslComp
HOL-MicroJava.LemmasComp
HOL-MicroJava.CorrCompTp
HOL-MicroJava.CorrComp
HOL-MicroJava.BVNoTypeError
Partial_Order_Reduction.List_Extensions
Partial_Order_Reduction.List_Prefixes
Partial_Order_Reduction.Basic_Extensions
Partial_Order_Reduction.Relation_Extensions
Partial_Order_Reduction.Word_Prefixes
Partial_Order_Reduction.Traces
Partial_Order_Reduction.Set_Extensions
Partial_Order_Reduction.Functions
HOL-CSPM.Induction_Rules_CSPM
MonoBoolTranAlgebra.Mono_Bool_Tran
MonoBoolTranAlgebra.Mono_Bool_Tran_Algebra
MonoBoolTranAlgebra.Assertion_Algebra
First_Order_Terms.Lists_are_Infinite
First_Order_Terms.Renaming2
First_Order_Terms.Fun_More2
First_Order_Terms.Renaming2_String
First_Order_Terms.Transitive_Closure_More
First_Order_Terms.Option_Monad
First_Order_Terms.Term
First_Order_Terms.Term_Pair_Multiset
First_Order_Terms.Unifiers
Locally-Nameless-Sigma.ParRed
Simple_Clause_Learning.Trail_Induced_Ordering
PAPP_Impossibility.PAPP_Multiset_Extras
PAPP_Impossibility.SAT_Replay
FOL_Seq_Calc3.Encoding
FOL_Seq_Calc3.Fair_Stream
Parikh.Reg_Lang_Exp
Parikh.Parikh_Img
HOL-Real_Asymp.Inst_Existentials
Launchbury.AList-Utils
Launchbury.Pointwise
Launchbury.Mono-Nat-Fun
Padic_Ints.Function_Ring
HOL-TLA-Buffer.Buffer
Gale_Shapley.Gale_Shapley1
Selection_Heap_Sort.Sort
Selection_Heap_Sort.RemoveMax
Selection_Heap_Sort.Heap
Higher_Order_Terms.Name
PseudoHoops.LeftComplementedMonoid
PseudoHoops.RightComplementedMonoid
PseudoHoops.PseudoHoops
PseudoHoops.PseudoHoopFilters
PseudoHoops.SpecialPseudoHoops
Stern_Brocot.Cotree
Stern_Brocot.Cotree_Algebra
Concurrent_Revisions.Data
Concurrent_Revisions.Occurrences
Concurrent_Revisions.Renaming
Concurrent_Revisions.Substitution
Concurrent_Revisions.OperationalSemantics
Concurrent_Revisions.Executions
Collections.DatRef
Well_Quasi_Orders.Infinite_Sequences
Well_Quasi_Orders.Least_Enum
AODV.Aodv_Basic
AODV.D_Fwdrreqs
AODV.D_Aodv_Message
AODV.D_Aodv_Data
AODV.D_Fresher
AODV.A_Norreqid
AODV.A_Aodv_Message
AODV.C_Gtobcast
AODV.C_Aodv_Data
AODV.C_Fresher
AODV.A_Aodv_Data
AODV.A_Fresher
AODV.A_Aodv
AODV.A_Aodv_Predicates
AODV.A_Seq_Invariants
AODV.A_OAodv
AODV.Aodv_Message
AODV.E_All_ABCD
AODV.E_Aodv_Data
AODV.E_Fresher
AODV.E_Aodv_Message
AODV.E_Aodv
AODV.E_OAodv
AODV.A_Quality_Increases
AODV.A_Global_Invariants
AODV.A_Loop_Freedom
AODV.D_Aodv
AODV.D_OAodv
AODV.D_Aodv_Predicates
AODV.D_Quality_Increases
AODV.D_Loop_Freedom
AODV.D_Seq_Invariants
AODV.D_Global_Invariants
AODV.D_Aodv_Loop_Freedom
AODV.Aodv_Data
AODV.Fresher
AODV.Aodv
AODV.Aodv_Predicates
AODV.Quality_Increases
AODV.Seq_Invariants
AODV.OAodv
AODV.Global_Invariants
AODV.E_Aodv_Predicates
AODV.E_Loop_Freedom
AODV.E_Seq_Invariants
AODV.B_Fwdrreps
AODV.B_Aodv_Data
AODV.B_Fresher
AODV.C_Aodv_Message
AODV.C_Aodv
AODV.C_OAodv
AODV.C_Aodv_Predicates
AODV.C_Loop_Freedom
AODV.C_Quality_Increases
AODV.C_Seq_Invariants
AODV.C_Global_Invariants
AODV.C_Aodv_Loop_Freedom
AODV.E_Quality_Increases
AODV.E_Global_Invariants
AODV.E_Aodv_Loop_Freedom
AODV.A_Aodv_Loop_Freedom
AODV.Loop_Freedom
AODV.Aodv_Loop_Freedom
AODV.B_Aodv_Message
AODV.B_Aodv
AODV.B_Aodv_Predicates
AODV.B_Loop_Freedom
AODV.B_OAodv
AODV.B_Seq_Invariants
AODV.B_Quality_Increases
AODV.B_Global_Invariants
AODV.B_Aodv_Loop_Freedom
Schutz_Spacetime.Util
Schutz_Spacetime.TernaryOrdering
Schutz_Spacetime.Minkowski
Diophantine_Eqns_Lin_Hom.List_Vector
Diophantine_Eqns_Lin_Hom.Linear_Diophantine_Equations
Diophantine_Eqns_Lin_Hom.Sorted_Wrt
Diophantine_Eqns_Lin_Hom.Minimize_Wrt
Diophantine_Eqns_Lin_Hom.Simple_Algorithm
Diophantine_Eqns_Lin_Hom.Algorithm
Weighted_Path_Order.Status
LinearQuantifierElim.Logic
LinearQuantifierElim.QE
LinearQuantifierElim.PresArith
No_FTL_observers_Gen_Rel.Sorts
No_FTL_observers_Gen_Rel.AxEField
No_FTL_observers_Gen_Rel.Points
No_FTL_observers_Gen_Rel.WorldView
No_FTL_observers_Gen_Rel.AxSelfMinus
No_FTL_observers_Gen_Rel.Norms
No_FTL_observers_Gen_Rel.AxTriangleInequality
No_FTL_observers_Gen_Rel.AxEventMinus
No_FTL_observers_Gen_Rel.Functions
No_FTL_observers_Gen_Rel.WorldLine
No_FTL_observers_Gen_Rel.Translations
No_FTL_observers_Gen_Rel.Cardinalities
No_FTL_observers_Gen_Rel.Quadratics
No_FTL_observers_Gen_Rel.TangentLines
No_FTL_observers_Gen_Rel.Cones
No_FTL_observers_Gen_Rel.AxLightMinus
No_FTL_observers_Gen_Rel.Proposition1
No_FTL_observers_Gen_Rel.Sublemma3
No_FTL_observers_Gen_Rel.Vectors
No_FTL_observers_Gen_Rel.CauchySchwarz
No_FTL_observers_Gen_Rel.Classification
No_FTL_observers_Gen_Rel.ReverseCauchySchwarz
No_FTL_observers_Gen_Rel.Matrices
No_FTL_observers_Gen_Rel.LinearMaps
No_FTL_observers_Gen_Rel.Affine
No_FTL_observers_Gen_Rel.AxDiff
No_FTL_observers_Gen_Rel.Sublemma4
No_FTL_observers_Gen_Rel.MainLemma
No_FTL_observers_Gen_Rel.TangentLineLemma
No_FTL_observers_Gen_Rel.Proposition2
No_FTL_observers_Gen_Rel.Proposition3
No_FTL_observers_Gen_Rel.ObserverConeLemma
No_FTL_observers_Gen_Rel.KeyLemma
No_FTL_observers_Gen_Rel.AffineConeLemma
HOL-ex.Quicksort
HyperHoareLogic.Language
HyperHoareLogic.Logic
HyperHoareLogic.ProgramHyperproperties
HyperHoareLogic.Expressivity
HyperHoareLogic.Loops
HyperHoareLogic.Compositionality
HyperHoareLogic.SyntacticAssertions
HyperHoareLogic.TotalLogic
Attack_Trees.MC
Attack_Trees.AT
Attack_Trees.Infrastructure
Foundation_of_geometry.Incidence
Foundation_of_geometry.Order
LTL_Master_Theorem.Quotient_Type
LTL_Master_Theorem.Omega_Words_Fun_Stream
BTree.BPlusTree
BTree.BPlusTree_Split
BTree.BPlusTree_Set
BTree.BPlusTree_Range
BTree.BPlusTree_SplitCE
Native_Word.Code_Target_Word
Native_Word.Uint_Common
Native_Word.Uint8
Native_Word.Uint64
Native_Word.Uint32
Collections.HashCode
Native_Word.Uint
Native_Word.Uint16
Native_Word.Native_Cast
Native_Word.Native_Cast_Uint
SATSolverVerification.MoreList
SATSolverVerification.Trail
SATSolverVerification.CNF
SATSolverVerification.SatSolverVerification
SATSolverVerification.SatSolverCode
SATSolverVerification.AssertLiteral
SATSolverVerification.ConflictAnalysis
SATSolverVerification.UnitPropagate
SATSolverVerification.Initialization
SATSolverVerification.Decide
SATSolverVerification.SolveLoop
HOL-Number_Theory.Eratosthenes
HOL-Number_Theory.Cong
HOL-Number_Theory.Modular_Inverse
HOL-Number_Theory.Mod_Exp
LTL.LTL
LTL.Equivalence_Relations
LTL_Master_Theorem.Syntactic_Fragments_and_Stability
LTL_Master_Theorem.After
LTL_Master_Theorem.Advice
LTL_Master_Theorem.Extra_Equivalence_Relations
LTL_Master_Theorem.Transition_Functions
LTL_Master_Theorem.Master_Theorem
LTL_Master_Theorem.Restricted_Master_Theorem
Q0_Soundness.Set_Theory
MLSSmf_to_MLSS.MLSSmf_HF_Extras
MLSSmf_to_MLSS.MLSSmf_Semantics
Lowe_Ontological_Argument.Relations
Lowe_Ontological_Argument.QML
BinarySearchTree.BinaryTree
Nagata-Factoriality.Prime_Generated
Complete_Non_Orders.Binary_Relations
Complete_Non_Orders.Well_Relations
Complete_Non_Orders.Directedness
Complete_Non_Orders.Complete_Relations
Complete_Non_Orders.Continuity
Complete_Non_Orders.Kleene_Fixed_Point
MFOTL_Monitor.Table
MFOTL_Monitor.Trace
MFOTL_Monitor.Abstract_Monitor
Diophantine_Universal_Pairs.Multinomial
Diophantine_Universal_Pairs.Bit_Counting
Diophantine_Universal_Pairs.Tau_Reduction
Simplicial_complexes_and_boolean_functions.ListLexorder
Simplicial_complexes_and_boolean_functions.MkIfex
MLSS_Decision_Proc.MLSS_HF_Extras
MLSS_Decision_Proc.MLSS_Semantics
MLSS_Decision_Proc.MLSS_Typing_Defs
MLSSmf_to_MLSS.MLSS_Extras
MLSS_Decision_Proc.MLSS_Calculus
MLSS_Decision_Proc.MLSS_Typing
MLSS_Decision_Proc.MLSS_Typing_Urelems
MLSSmf_to_MLSS.MLSSmf_to_MLSS
MLSSmf_to_MLSS.Proper_Venn_Regions
MLSSmf_to_MLSS.MLSSmf_to_MLSS_Soundness
Labeled_Transition_Systems.LTS
Clique_and_Monotone_Circuits.Monotone_Formula
List_Power.List_Power
HOL-IMPP.Com
HOL-IMPP.Natural
HOL-IMPP.Hoare
HOL-IMPP.Misc
GraphMarkingIBP.Graph
GraphMarkingIBP.SetMark
GraphMarkingIBP.StackMark
GraphMarkingIBP.LinkMark
Boolean_Expression_Checkers.Boolean_Expression_Checkers
Boolean_Expression_Checkers.Boolean_Expression_Checkers_AList_Mapping
LTL.Code_Equations
LLL_Factorization.Sub_Sums
HOLCF.Cpo
HOLCF.Cpodef
HOLCF.Cfun
HOLCF.Up
HOLCF.Lift
HOLCF.Tr
HOLCF.Cprod
HOLCF.Sprod
HOLCF.One
HOLCF.Completion
HOLCF.Ssum
HOLCF.Fixrec
HOLCF.Sfun
HOLCF.Deflation
HOLCF.Map_Functions
Earley_Parser.CFG
Coinductive.Resumption
Tarskis_Geometry.Action
Relation_Algebra.More_Boolean_Algebra
HOL-Bali.Basis
HOL-Bali.Table
HOL-Bali.Name
HOL-Bali.Type
HOL-Bali.Value
HOL-Bali.Term
HOL-Bali.Decl
HOL-Bali.TypeRel
HOL-Bali.DeclConcepts
HOL-Bali.State
HOL-Bali.Eval
HOL-Bali.Conform
HOL-Bali.WellType
HOL-Bali.DefiniteAssignment
HOL-Bali.WellForm
HOL-Bali.DefiniteAssignmentCorrect
HOL-Bali.TypeSafe
HOL-Bali.Evaln
HOL-Bali.AxSem
Separation_Logic_Unbounded.UnboundedLogic
Separation_Logic_Unbounded.Combinability
Separation_Logic_Unbounded.Distributivity
Separation_Logic_Unbounded.FixedPoint
Separation_Logic_Unbounded.WandProperties
Synthetic_Completeness.Maximal_Consistent_Sets
Synthetic_Completeness.Derivations
Synthetic_Completeness.Refutations
Stable_Matching.Basis
Stable_Matching.Choice_Functions
Stable_Matching.Contracts
Stable_Matching.COP
Earley_Parser.Limit
Earley_Parser.Derivations
Earley_Parser.Earley
Earley_Parser.Earley_Fixpoint
Earley_Parser.Earley_Recognizer
Earley_Parser.Earley_Parser
FeatherweightJava.FJDefs
FeatherweightJava.FJAux
FeatherweightJava.FJSound
FeatherweightJava.Execute
HOL-Nominal.Nominal
HOL.Modules
Noninterference_Sequential_Composition.Propaedeutics
Noninterference_Sequential_Composition.SequentialComposition
Gray_Codes.Encoding_Nat
Gray_Codes.Code_Word_Dist
Finite_Automata_HF.Finite_Automata_HF
LTL_to_DRA.LTL_Impl
LTL_to_DRA.LTL_Compat
LTL_to_DRA.List2
LTL_to_DRA.af
LTL_to_DRA.Logical_Characterization
LTL_to_DRA.Mojmir_Rabin
LTL_to_DRA.LTL_Rabin
LTL_to_DRA.LTL_Rabin_Unfold_Opt
LTL_to_DRA.Mojmir_Rabin_Impl
LTL_to_DRA.af_Impl
LTL_to_DRA.LTL_Rabin_Impl
RG_Locks.RG_Syntax_Extensions
RG_Locks.RG_Annotated_Commands
RG_Locks.Lock_Abstract_Queue
RG_Locks.Function_Supplementary
Difference_Bound_Matrices.Paths_Cycles
HOL-Imperative_HOL.List_Sublist
HOL-Imperative_HOL.Sorted_List
Refine_Monadic.Refine_Chapter
Generic_Join.Generic_Join
Generic_Join.Generic_Join_Correctness
Matrix.Utility
Fermat3_4.Fermat4
Deriving.Hash_Generator
Deriving.Hash_Instances
CoSMed.Prelim
CoSMed.System_Specification
CoSMed.Automation_Setup
CoSMed.Safety_Properties
CoSMed.Observation_Setup
CoSMed.Post_Intro
CoSMed.Friend_Intro
CoSMed.Friend_Request_Intro
CoSMed.Friend_Request_Value_Setup
CoSMed.Traceback_Intro
CoSMed.Friend_Value_Setup
CoSMed.Post_Value_Setup
HotelKeyCards.Notation
HotelKeyCards.Basis
HotelKeyCards.Trace
HotelKeyCards.State
Restriction_Spaces
Routing.Linorder_Helper
Routing.Routing_Table
Routing.IpRoute_Parser
Localization_Ring.Localization
Multitape_To_Singletape_TM.TM_Common
Multitape_To_Singletape_TM.Multitape_TM
Multitape_To_Singletape_TM.Singletape_TM
Multitape_To_Singletape_TM.STM_Renaming
MSO_Regex_Equivalence.List_More
MSO_Regex_Equivalence.Pi_Regular_Exp
MSO_Regex_Equivalence.Pi_Derivatives
MSO_Regex_Equivalence.Pi_Regular_Exp_Dual
MSO_Regex_Equivalence.Pi_Regular_Operators
MSO_Regex_Equivalence.PNormalization
MSO_Regex_Equivalence.Init_Normalization
MSO_Regex_Equivalence.Formula
MSO_Regex_Equivalence.WS1S
MSO_Regex_Equivalence.M2L
MSO_Regex_Equivalence.M2L_Normalization
MSO_Regex_Equivalence.WS1S_Normalization
MSO_Regex_Equivalence.Pi_Equivalence_Checking
MSO_Regex_Equivalence.M2L_Equivalence_Checking
MSO_Regex_Equivalence.WS1S_Equivalence_Checking
Types_Tableaus_and_Goedels_God.Relations
Types_Tableaus_and_Goedels_God.IHOML
Planarity_Certificates.WP
Planarity_Certificates.List_Aux
Planarity_Certificates.Lib
Planarity_Certificates.NonDetMonad
Planarity_Certificates.OptionMonad
Planarity_Certificates.NonDetMonadLemmas
Planarity_Certificates.OptionMonadND
Planarity_Certificates.OptionMonadWP
Planarity_Certificates.AutoCorres_Misc
Planarity_Certificates.Setup_AutoCorres
Propositional_Proof_Systems.CNF
Propositional_Proof_Systems.CNF_Sema
Propositional_Proof_Systems.Resolution
Matroids.Indep_System
Matroids.Matroid
Topological_Semantics.boolean_algebra
Topological_Semantics.logics_consequence
Topological_Semantics.boolean_algebra_operators
Topological_Semantics.boolean_algebra_infinitary
Topological_Semantics.conditions_positive
Topological_Semantics.conditions_positive_infinitary
Topological_Semantics.logics_quantifiers
Topological_Semantics.conditions_negative
Topological_Semantics.conditions_negative_infinitary
Topological_Semantics.conditions_relativized
Topological_Semantics.conditions_relativized_infinitary
Combinatorics_Words.CoWBasic
Combinatorics_Words.Periodicity_Lemma
Combinatorics_Words.Submonoids
Combinatorics_Words.Lyndon_Schutzenberger
Combinatorics_Words.Morphisms
Combinatorics_Words.Binary_Code_Morphisms
Combinatorics_Words.Equations_Basic
Partial_Function_MR.Partial_Function_MR
HyperCTL.Prelim
HyperCTL.Shallow
HyperCTL.Deep
HyperCTL.Noninterference
HyperCTL.Finite_Noninterference
LTL_Normal_Form.Normal_Form
FO_Theory_Rewriting.Saturation
Worklist_Algorithms.Worklist_Algorithms_Misc
HOL-Unix.Nested_Environment
HoareForDivergence.MiscLemmas
StrictOmegaCategories.Globular_Set
StrictOmegaCategories.Strict_Omega_Category
AOT.AOT_model
AOT.AOT_commands
AOT.AOT_syntax
AOT.AOT_semantics
AOT.AOT_Definitions
AOT.AOT_Axioms
AOT.AOT_PLM
AOT.AOT_RestrictedVariables
AOT.AOT_ExtendedRelationComprehension
AOT.AOT_BasicLogicalObjects
AOT.AOT_PossibleWorlds
AOT.AOT_NaturalNumbers
Automatic_Refinement.Misc
Automatic_Refinement.Refine_Lib
Refine_Monadic.Refine_Mono_Prover
Automatic_Refinement.Autoref_Tagging
Automatic_Refinement.Relators
Automatic_Refinement.Param_Tool
Automatic_Refinement.Param_HOL
Automatic_Refinement.Parametricity
Automatic_Refinement.Autoref_Phases
Automatic_Refinement.Autoref_Id_Ops
Automatic_Refinement.Autoref_Fix_Rel
Automatic_Refinement.Autoref_Translate
Automatic_Refinement.Autoref_Gen_Algo
Automatic_Refinement.Autoref_Relator_Interface
Automatic_Refinement.Autoref_Tool
Automatic_Refinement.Autoref_Bindings_HOL
Automatic_Refinement.Automatic_Refinement
Refine_Monadic.Refine_Misc
Refine_Monadic.RefineG_Domain
Refine_Monadic.RefineG_Transfer
Refine_Monadic.RefineG_Recursion
Refine_Monadic.RefineG_Assert
Refine_Monadic.Refine_Basic
Refine_Monadic.Refine_Heuristics
Refine_Monadic.Refine_Leof
Refine_Monadic.Refine_More_Comb
Refine_Monadic.RefineG_While
Refine_Monadic.Refine_Det
Refine_Monadic.Refine_Pfun
Refine_Monadic.Refine_While
Refine_Monadic.Refine_Transfer
Refine_Monadic.Refine_Automation
Refine_Monadic.Refine_Foreach
Refine_Monadic.Autoref_Monadic
Refine_Monadic.Refine_Monadic
BNF_CC.Preliminaries
BNF_CC.Axiomatised_BNF_CC
BNF_CC.Composition
BNF_CC.Subtypes
BNF_CC.Fixpoints
BNF_CC.Quotient_Preservation
Directed_Sets.Well_Order_Connection
Solidity.Utils
Solidity.Solidity_Symbex
Solidity.ReadShow
Solidity.StateMonad
Solidity.Valuetypes
Solidity.Accounts
Paraconsistency.Paraconsistency
Perfect-Number-Thm.PerfectBasics
Perfect-Number-Thm.Sigma
Graph_Algorithms.Pair_Graph
Graph_Algorithms.Vwalk
Graph_Algorithms.Pair_Graph_Specs
HOL.Topological_Spaces
Completeness_Decreasing_Diagrams_for_N1.Finite_DCR_Hierarchy
POPLmark-deBruijn.Basis
POPLmark-deBruijn.POPLmarkRecord
Category2.Category
Category2.Universe
Category2.Functors
Category2.SetCat
Category2.NatTrans
VerifyThis2019.Parallel_Multiset_Fold
Inductive_Inference.Partial_Recursive
Inductive_Inference.Universal
Inductive_Inference.Standard_Results
Inductive_Inference.Inductive_Inference_Basics
Inductive_Inference.CONS_LIM
Inductive_Inference.CP_FIN_NUM
Inductive_Inference.Lemma_R
Inductive_Inference.TOTAL_CONS
Inductive_Inference.R1_BC
Superposition_Calculus.Relation_Extra
Collections.Intf_Map
Collections.Intf_Comp
Collections.Intf_Set
Collections.SetIterator
Collections.SetIteratorOperations
Collections.Sorted_List_Operations
Collections.Assoc_List
Collections.Proper_Iterator
Collections.Dlist_add
Collections.Gen_Comp
Collections.Intf_Hash
Collections.Impl_Cfun_Set
Collections.Idx_Iterator
Collections.Diff_Array
Collections.Impl_Array_Stack
Collections.It_to_It
Collections.Gen_Iterator
Collections.Gen_Hash
Collections.SetIteratorGA
Collections.Iterator
Collections.Impl_List_Set
Collections.Gen_Map2Set
Collections.Impl_Uv_Set
Collections.Array_Iterator
Collections.Impl_Bit_Set
Collections.ICF_Spec_Base
Collections.ListSpec
Collections.AnnotatedListSpec
Collections.FTAnnotatedListImpl
Collections.Gen_Map
Collections.Impl_List_Map
Collections.Impl_Array_Hash_Map
Collections.PrioSpec
Collections.RBT_add
Collections.Impl_RBT_Map
Collections.PrioByAnnotatedList
Collections.FTPrioImpl
Collections.ListGA
Collections.Fifo
Collections.Gen_Set
Collections.MapSpec
Collections.SetSpec
Collections.SetIndex
Collections.SetIteratorCollectionsGA
Collections.SetGA
Collections.ListSetImpl_NotDist
Collections.ListSetImpl_Invar
Collections.ListSetImpl_Sorted
Collections.SkewPrioImpl
Collections.Impl_Array_Map
Collections.GenCF
Collections.Refine_Dflt
Collections.PrioUniqueSpec
Collections.PrioUniqueByAnnotatedList
Collections.FTPrioUniqueImpl
Collections.BinoPrioImpl
Collections.MapGA
Collections.RBTMapImpl
Collections.SetByMap
Collections.RBTSetImpl
Collections.ArrayMapImpl
Collections.ListMapImpl_Invar
Collections.ArraySetImpl
Collections.ListMapImpl
Collections.ArrayHashMap_Impl
Collections.ArrayHashMap
Collections.ArrayHashSet
Collections.HashMap_Impl
Collections.HashMap
Collections.HashSet
Collections.ListSetImpl
Collections.Algos
Go.Go_Setup
Regular_Tree_Relations.Horn_Inference
HOL-Statespace.DistinctTreeProver
HOL-Statespace.StateFun
HOL-Statespace.StateSpaceLocale
HOL-Statespace.StateSpaceSyntax
Psi_Calculi.Chain
Psi_Calculi.Subst_Term
Psi_Calculi.Agent
Psi_Calculi.Structural_Congruence
Psi_Calculi.Close_Subst
Psi_Calculi.Frame
Psi_Calculi.Semantics
Psi_Calculi.Simulation
Psi_Calculi.Bisimulation
Psi_Calculi.Sum
Psi_Calculi.Sim_Struct_Cong
Psi_Calculi.Tau_Chain
Psi_Calculi.Weak_Simulation
Psi_Calculi.Weak_Stat_Imp
Psi_Calculi.Weak_Stat_Imp_Pres
Psi_Calculi.Weak_Cong_Simulation
Psi_Calculi.Sim_Pres
Psi_Calculi.Weak_Sim_Pres
Psi_Calculi.Bisim_Pres
Psi_Calculi.Bisim_Struct_Cong
Psi_Calculi.Weak_Bisimulation
Psi_Calculi.Weak_Psi_Congruence
Psi_Calculi.Weak_Bisim_Pres
Psi_Calculi.Weak_Bisim_Struct_Cong
Psi_Calculi.Weakening
Psi_Calculi.Weaken_Transition
Psi_Calculi.Bisim_Subst
Psi_Calculi.Weak_Cong_Sim_Pres
Psi_Calculi.Weak_Cong_Pres
Psi_Calculi.Weak_Cong_Struct_Cong
Psi_Calculi.Weak_Congruence
Psi_Calculi.Tau
Psi_Calculi.Tau_Sim
Psi_Calculi.Weaken_Stat_Imp
Psi_Calculi.Tau_Stat_Imp
Psi_Calculi.Weaken_Simulation
Psi_Calculi.Weaken_Bisimulation
HOL-SET_Protocol.Message_SET
HOL-SET_Protocol.Event_SET
HOL-SET_Protocol.Public_SET
HOL-SET_Protocol.Cardholder_Registration
HOL-SET_Protocol.Purchase
HOL-SET_Protocol.Merchant_Registration
Nano_JSON.Nano_JSON
Nano_JSON.Nano_JSON_Query
Nano_JSON.Nano_JSON_Main
Open_Induction.Restricted_Predicates
Open_Induction.Open_Induction
Treaps.Treap
Elliptic_Curves_Group_Law.Elliptic_Locale
Eval_FO.FO
GyrovectorSpaces.GyroGroup
GyrovectorSpaces.TarskiIsomorphism
Abstract-Rewriting.Seq
Abstract-Rewriting.Abstract_Rewriting
Superposition_Calculus.Abstract_Rewriting_Extra
Abstract-Rewriting.Abstract_Rewriting_Impl
Abstract-Rewriting.SN_Orders
Efficient-Mergesort.Efficient_Sort
ABY3_Protocols.Finite_Number_Type
MDP-Algorithms.DiffArray_Base
MDP-Algorithms.DiffArray_ST
TESL_Language.TESL
TESL_Language.Run
TESL_Language.Denotational
TESL_Language.SymbolicPrimitive
TESL_Language.StutteringDefs
TESL_Language.StutteringLemmas
TESL_Language.Operational
TESL_Language.Corecursive_Prop
TESL_Language.Hygge_Theory
Myhill-Nerode.Folds
Myhill-Nerode.Myhill_1
Myhill-Nerode.Myhill_2
Myhill-Nerode.Myhill
Myhill-Nerode.Closures
Circus.Reactive_Processes
Circus.CSP_Processes
First_Order_Terms.Subterm_and_Context
First_Order_Terms.Seq_More
First_Order_Terms.Abstract_Matching
First_Order_Terms.Abstract_Unification
First_Order_Terms.Unification
First_Order_Terms.Matching
First_Order_Terms.Subsumption
Polynomial_Factorization.Missing_List
Polynomial_Factorization.Missing_Multiset
Polynomial_Factorization.Prime_Factorization
ArrowImpossibilityGS.Arrow_Order
Expander_Graphs.Extra_Congruence_Method
Expander_Graphs.Expander_Graphs_Multiset_Extras
Optics.Interp
Refine_Imperative_HOL.PO_Normalizer
Refine_Imperative_HOL.Sepref_Id_Op
Refine_Imperative_HOL.Pf_Add
Lovasz_Local.PiE_Rel_Extras
With_Type.Misc_With_Type
With_Type.With_Type
Hello_World.IO
Hello_World.HelloWorld
Broadcast_Psi.Broadcast_Frame
Broadcast_Psi.Broadcast_Chain
Broadcast_Psi.Semantics
Broadcast_Psi.Simulation
Broadcast_Psi.Sim_Pres
Broadcast_Psi.Bisimulation
Broadcast_Psi.Bisim_Pres
Broadcast_Psi.Sim_Struct_Cong
Broadcast_Psi.Bisim_Struct_Cong
Broadcast_Psi.Bisim_Subst
IMP_Noninterference.Definitions
IMP_Noninterference.Idempotence
IMP_Noninterference.Overapproximation
IMP_Noninterference.Correctness
TLA.Sequence
TLA.Intensional
TLA.Semantics
TLA.PreFormulas
TLA.Rules
TLA.Liveness
TLA.State
First_Order_Clause.Multiset_Extra
First_Order_Clause.Multiset_Extension
First_Order_Clause.Uprod_Extra
First_Order_Clause.Multiset_Typing_Lifting
First_Order_Clause.Natural_Functor_To_Multiset
First_Order_Clause.Ground_Term_Rewrite_System
First_Order_Clause.Ground_Critical_Pairs
First_Order_Clause.Ground_Critical_Peaks
HOL-Nonstandard_Analysis.Free_Ultrafilter
HOL-Nonstandard_Analysis.StarDef
HOL-Nonstandard_Analysis.HyperNat
Polynomial_Interpolation.Divmod_Int
HOL-Data_Structures.Tree2
HOL-Data_Structures.RBT
HOL-Data_Structures.Priority_Queue_Specs
HOL-Data_Structures.Tree_Set
HOL-Data_Structures.Tree_Map
HOL-Data_Structures.Lookup2
HOL-Data_Structures.Heaps
HOL-Data_Structures.Isin2
HOL-Data_Structures.AA_Set
HOL-Data_Structures.AVL_Set_Code
HOL-Data_Structures.Set2_Join
Sorted_Terms.Sorted_Sets
Sorted_Terms.FinFun_RBT_Impl
Sorted_Terms.Sorted_Terms
Sorted_Terms.Compute_Nonempty_Infinite_Sorts
Sorted_Terms.Sorted_Contexts
Sorted_Terms.Basic_Terms
Auto2_HOL.Set_Thms
Auto2_HOL.Lists_Thms
Epistemic_Logic.Maximal_Consistent_Sets
Epistemic_Logic.Epistemic_Logic
Grothendieck_Schemes.Set_Extras
Grothendieck_Schemes.Group_Extras
Simple_Firewall.Primitives_toString
Simple_Firewall.SimpleFw_toString
Simple_Firewall.SimpleFw_Semantics
Simple_Firewall.Generic_SimpleFw
Simple_Firewall.IP_Addr_WordInterval_toString
Kleene_Algebra.Signatures
Kleene_Algebra.Dioid
Kleene_Algebra.Conway
Kleene_Algebra.Kleene_Algebra
Kleene_Algebra.PHL_KA
Kleene_Algebra.Omega_Algebra
Kleene_Algebra.Finite_Suprema
Kleene_Algebra.Inf_Matrix
Kleene_Algebra.DRA
Kleene_Algebra.PHL_DRA
DPT-SAT-Solver.DPT_SAT_Solver
Program-Conflict-Analysis.Misc
Program-Conflict-Analysis.Interleave
Program-Conflict-Analysis.ConsInterleave
Program-Conflict-Analysis.Flowgraph
Program-Conflict-Analysis.AcquisitionHistory
Program-Conflict-Analysis.LTS
Program-Conflict-Analysis.ThreadTracking
Program-Conflict-Analysis.Semantics
Program-Conflict-Analysis.Normalization
Program-Conflict-Analysis.ConstraintSystems
WHATandWHERE_Security.MWLs
WHATandWHERE_Security.WHATWHERE_Security
WHATandWHERE_Security.Up_To_Technique
WHATandWHERE_Security.Parallel_Composition
WHATandWHERE_Security.WHATWHERE_Secure_Skip_Assign
WHATandWHERE_Security.Language_Composition
WHATandWHERE_Security.Type_System
Binary_Code_Imprimitive.Binary_Square_Interpretation
Lazy_Case.Lazy_Case
HOL.Rat
Auto2_HOL.Order_Thms
Auto2_HOL.Arith_Thms
Auto2_HOL.Auto2_Main
Deriving.Compare_Rat
Applicative_Lifting.Applicative_Star
Applicative_Lifting.Beta_Eta
Applicative_Lifting.Combinators
IMP_Compiler.Compiler
Flow_Networks.Graph
Flow_Networks.Network
Flow_Networks.Residual_Graph
Flow_Networks.Augmenting_Path
Flow_Networks.Augmenting_Flow
Flow_Networks.Ford_Fulkerson
Design_Theory.Multisets_Extras
Design_Theory.Design_Basics
Design_Theory.Design_Operations
Design_Theory.Sub_Designs
Design_Theory.Block_Designs
Design_Theory.BIBD
Design_Theory.Design_Isomorphisms
Design_Theory.Resolvable_Designs
Design_Theory.Group_Divisible_Designs
Van_Emde_Boas_Trees.Syntax_Match
Concurrent_Ref_Alg.Refinement_Lattice
Concurrent_Ref_Alg.Sequential
Concurrent_Ref_Alg.Parallel
Concurrent_Ref_Alg.Galois_Connections
Concurrent_Ref_Alg.Conjunctive_Sequential
Concurrent_Ref_Alg.Infimum_Nat
Concurrent_Ref_Alg.Conjunction
Concurrent_Ref_Alg.CRA
Concurrent_Ref_Alg.Iteration
Concurrent_Ref_Alg.Conjunctive_Iteration
EdmondsKarp_Maxflow.EdmondsKarp_Termination_Abstract
LightweightJava.Lightweight_Java_Definition
LightweightJava.Lightweight_Java_Equivalence
SimplifiedOntologicalArgument.HOML
SimplifiedOntologicalArgument.BaseDefs
SimplifiedOntologicalArgument.MFilter
Graph_Saturation.GraphRewriting
Stone_Relation_Algebras.Fixpoints
Stone_Relation_Algebras.Semirings
Stone_Relation_Algebras.Relation_Algebras
Stone_Relation_Algebras.Relation_Subalgebras
Stone_Relation_Algebras.Choose_Component
Stone_Relation_Algebras.Matrix_Relation_Algebras
ProcessComposition.ResNormRewrite
ProcessComposition.ResNormCompare
ProcessComposition.Resource
ProcessComposition.Process
Landau_Symbols.Group_Sort
BytecodeLogicJmlTypes.AssocLists
BytecodeLogicJmlTypes.Language
BytecodeLogicJmlTypes.MultiStep
BytecodeLogicJmlTypes.Logic
BytecodeLogicJmlTypes.Reachability
Package_logic.SepAlgebra
Package_logic.PackageLogic
DPRM_Theorem.Register_Machine_Sums
DPRM_Theorem.MultipleStepState
OmegaCatoidsQuantales.Two_Catoid
OmegaCatoidsQuantales.Omega_Catoid
Workflow_Net_Fitness_Measures.MeasuresProperties
Workflow_Net_Fitness_Measures.TraceFitness
Workflow_Net_Fitness_Measures.CausalFootprintFitness
Multirelations.C_Algebras
Negative_Association.Negative_Association_More_Lattices
Wlog.Wlog
Gauss-Jordan-Elim-Fun.Gauss_Jordan_Elim_Fun
Ordered_Resolution_Prover.Map2
Ordered_Resolution_Prover.Clausal_Logic
First_Order_Clause.Selection_Function
Ordered_Resolution_Prover.Herbrand_Interpretation
Ordered_Resolution_Prover.Inference_System
Ordered_Resolution_Prover.Ground_Resolution_Model
Ordered_Resolution_Prover.Unordered_Ground_Resolution
Ordered_Resolution_Prover.Ordered_Ground_Resolution
Ordered_Resolution_Prover.Abstract_Substitution
Automated_Stateful_Protocol_Verification.trac_term
Automated_Stateful_Protocol_Verification.trac_fp_parser
Automated_Stateful_Protocol_Verification.trac_protocol_parser
Automated_Stateful_Protocol_Verification.trac
Combinatorial_Enumeration_Algorithms.Integer_Partitions
HOL-Combinatorics.Permutations
HOL-Combinatorics.List_Permutation
HOL-Combinatorics.Cycles
HOL-Combinatorics.Orbits
Group-Ring-Module.Algebra1
Group-Ring-Module.Algebra2
Group-Ring-Module.Algebra3
Group-Ring-Module.Algebra4
Group-Ring-Module.Algebra5
Group-Ring-Module.Algebra6
Group-Ring-Module.Algebra7
Group-Ring-Module.Algebra8
Group-Ring-Module.Algebra9
Isabelle_DOF.RegExpInterface
Isabelle_DOF.Isa_DOF
Isabelle_DOF.Isa_COL
Isabelle_DOF.scholarly_paper
Isabelle_DOF.technical_report
Isabelle_DOF.M_00_Frontmatter
Isabelle_DOF.M_01_Introduction
Isabelle_DOF.M_02_Background
Isabelle_DOF.M_03_GuidedTour
Isabelle_DOF.M_04_Document_Ontology
Isabelle_DOF.M_05_Proofs_Ontologies
Isabelle_DOF.M_06_RefMan
Isabelle_DOF.M_07_Implementation
Mission_Time_LTL_Language_Partition.MLTL_Language_Partition_Algorithm
MFMC_Countable.MFMC_Finite
VYDRA_MDL.NFA
List_Inversions.List_Inversions
IMAP-CRDT.IMAP-def
IMAP-CRDT.IMAP-proof-commute
IMAP-CRDT.IMAP-proof-helpers
IMAP-CRDT.IMAP-proof-independent
Jordan_Hoelder.GroupIsoClasses
Card_Multisets.Card_Multisets
CAVA_Base.CAVA_Code_Target
Kruskal.MinWeightBasis
Kruskal.UGraph
Category.Cat
Category.Functors
Category.NatTrans
Category.SetCat
Category.HomFunctors
CAVA_Automata.Digraph_Basic
Topology.Topology
Subset_Boolean_Algebras.Subset_Boolean_Algebras
Optimal_BST.Weighted_Path_Length
Jinja.Hidden
Jinja.Compiler1
Jinja.Correctness1
Jinja.Compiler
Jinja.TypeComp
CommCSL.PosRat
CommCSL.FractionalHeap
CommCSL.StateModel
CommCSL.Lang
CommCSL.CommCSL
CommCSL.AbstractCommutativity
CommCSL.Guards
CommCSL.Safety
CommCSL.Soundness
Stateful_Protocol_Composition_and_Typing.Miscellaneous
Stateful_Protocol_Composition_and_Typing.Messages
Stateful_Protocol_Composition_and_Typing.More_Unification
Stateful_Protocol_Composition_and_Typing.Intruder_Deduction
Automated_Stateful_Protocol_Verification.Term_Variants
Stateful_Protocol_Composition_and_Typing.Strands_and_Constraints
Stateful_Protocol_Composition_and_Typing.Stateful_Strands
Stateful_Protocol_Composition_and_Typing.Lazy_Intruder
Stateful_Protocol_Composition_and_Typing.Typed_Model
Stateful_Protocol_Composition_and_Typing.Typing_Result
Stateful_Protocol_Composition_and_Typing.Stateful_Typing
Stateful_Protocol_Composition_and_Typing.Labeled_Strands
Stateful_Protocol_Composition_and_Typing.Parallel_Compositionality
Stateful_Protocol_Composition_and_Typing.Labeled_Stateful_Strands
Stateful_Protocol_Composition_and_Typing.Stateful_Compositionality
Automated_Stateful_Protocol_Verification.Eisbach_Protocol_Verification
Automated_Stateful_Protocol_Verification.Transactions
Automated_Stateful_Protocol_Verification.Term_Abstraction
Automated_Stateful_Protocol_Verification.Stateful_Protocol_Model
Automated_Stateful_Protocol_Verification.Term_Implication
Automated_Stateful_Protocol_Verification.Stateful_Protocol_Verification
Automated_Stateful_Protocol_Verification.PSPSP
Automated_Stateful_Protocol_Verification.introduction
Automated_Stateful_Protocol_Verification.KeyserverEx
HOL-Induct.Sexp
QR_Decomposition.IArray_Addenda_QR
KBPs.Extra
KBPs.List_local
KBPs.KBPsAuto
KBPs.SPRView
KBPs.SPRViewNonDet
KBPs.KBPsAlg
KBPs.SPRViewNonDetIndInit
KBPs.ODList
KBPs.Eval
Simplex.Simplex_Auxiliary
Simplex.Rel_Chain
Trie.Trie
Trie.Tries
KBPs.Trie2
KBPs.SPRViewDet
KBPs.SPRViewSingle
KBPs.ClockView
KBPs.Robot
KBPs.MuddyChildren
KBPs.Views
Stuttering_Equivalence.Samplers
Stuttering_Equivalence.StutterEquivalence
Stuttering_Equivalence.PLTL
Polynomials.MPoly_Type
Polynomials.Polynomials
Polynomials.OAlist
Polynomials.More_Modules
Polynomials.More_MPoly_Type
FocusStreamsCaseStudies.stream
FocusStreamsCaseStudies.Gateway_types
FocusStreamsCaseStudies.Gateway
FocusStreamsCaseStudies.BitBoolTS
FocusStreamsCaseStudies.SteamBoiler
FocusStreamsCaseStudies.Gateway_proof_aux
FocusStreamsCaseStudies.FR_types
FocusStreamsCaseStudies.FR
MonoidalCategory.MonoidalCategory
MonoidalCategory.MonoidalFunctor
MonoidalCategory.CartesianMonoidalCategory
Conditional_Transfer_Rule.CTR
Jordan_Normal_Form.Missing_Misc
Jordan_Normal_Form.Derivation_Bound
Jordan_Normal_Form.Missing_Ring
Jordan_Normal_Form.Missing_VectorSpace
Auto2_Imperative_HOL.SepLogic_Base
Auto2_Imperative_HOL.Partial_Equiv_Rel
Auto2_Imperative_HOL.Arrays_Ex
Auto2_Imperative_HOL.Interval
Auto2_Imperative_HOL.Union_Find
Auto2_Imperative_HOL.Connectivity
Auto2_Imperative_HOL.Quicksort
Auto2_Imperative_HOL.Mapping_Str
Auto2_Imperative_HOL.Lists_Ex
Auto2_Imperative_HOL.Interval_Tree
Auto2_Imperative_HOL.Rect_Intersect
Auto2_Imperative_HOL.BST
Auto2_Imperative_HOL.RBTree
Auto2_Imperative_HOL.Indexed_PQueue
Auto2_Imperative_HOL.Dijkstra
HOL-Algebra.Sym_Groups
HOL-Algebra.Divisibility
Valuation.Valuation1
Valuation.Valuation2
Eudoxus_Reals.Slope
Sorted_Rewriting.Variadic_Signature
Sorted_Rewriting.Binary_Relations_More
Sorted_Rewriting.Sorted_Relations
Sorted_Rewriting.Sorted_Rules
Sorted_Rewriting.Models
Sorted_Rewriting.Sorted_Terms_More
Sorted_Rewriting.Sorted_Injections
Sorted_Rewriting.Logic
Sorted_Rewriting.Algebra_Extensions
Sorted_Rewriting.Logic_Extensions
Sorted_Rewriting.Core_Logic
Sorted_Rewriting.Nats_Logic
Sorted_Rewriting.Ordered_Algebras
Sorted_Rewriting.Monotone_Algebras
Sorted_Rewriting.Sorted_Rewrite_Relations
Monad_Memo_DP.State_Monad_Ext
Monad_Memo_DP.DP_CRelVS
Monad_Memo_DP.Memory
Monad_Memo_DP.Pair_Memory
Monad_Memo_DP.Bottom_Up_Computation
Skew_Heap.Skew_Heap
HOL-UNITY.Follows
HOL-UNITY.UNITY_Main
HOL-UNITY.AllocBase
HOL-UNITY.Reach
HOL-UNITY.PriorityAux
Interpreter_Optimizations.AList_Extra
Pairing_Heap.Pairing_Heap_Tree
Pairing_Heap.Pairing_Heap_List1
Pairing_Heap.Pairing_Heap_List2
Hybrid_Systems_VCs.HS_VC_KA_rel
MFODL_Monitor_Optimized.Optimized_Join
UPF_Firewall.PolicyCore
UPF_Firewall.PolicyCombinators
UPF_Firewall.PortCombinators
UPF_Firewall.ProtocolPortCombinators
UPF_Firewall.PacketFilter
UPF_Firewall.NAT
UPF_Firewall.FWNormalisationCore
UPF_Firewall.ElementaryRules
UPF_Firewall.NormalisationGenericProofs
UPF_Firewall.NormalisationIntegerPortProof
UPF_Firewall.NormalisationIPPProofs
UPF_Firewall.FWNormalisation
UPF_Firewall.StatefulCore
UPF_Firewall.FTP
UPF_Firewall.FTP_WithPolicy
UPF_Firewall.VOIP
UPF_Firewall.FTPVOIP
UPF_Firewall.StatefulFW
UPF_Firewall.UPF-Firewall
UPF_Firewall.NAT-FW
UPF_Firewall.Transformation01
UPF_Firewall.Voice_over_IP
UPF_Firewall.PersonalFirewallIpv4
UPF_Firewall.DMZDatatype
UPF_Firewall.PersonalFirewallInt
UPF_Firewall.DMZInteger
UPF_Firewall.DMZ
UPF_Firewall.Transformation02
UPF_Firewall.PersonalFirewallDatatype
UPF_Firewall.PersonalFirewall
UPF_Firewall.Transformation
Stern_Brocot.Stern_Brocot_Tree
Certification_Monads.Strict_Sum
Real_Impl.Real_Impl_Auxiliary
Matrix.Ordered_Semiring
Matrix.Matrix_Legacy
Combinatorics_Words_Lyndon.Lyndon
Bicategory.Bicategory
Bicategory.InternalEquivalence
Bicategory.Coherence
Bicategory.Subbicategory
Bicategory.Pseudofunctor
Bicategory.ConcreteBicategory
Bicategory.CanonicalIsos
Bicategory.Strictness
Bicategory.InternalAdjunction
Bicategory.SpanBicategory
Bicategory.Tabulation
Bicategory.PseudonaturalTransformation
Bicategory.EquivalenceOfBicategories
KAT_and_DRA.Test_Dioid
KAT_and_DRA.Conway_Tests
KAT_and_DRA.KAT
KAT_and_DRA.DRAT
KAT_and_DRA.PHL_KAT
Hybrid_Systems_VCs.HS_VC_KAT
IP_Addresses.WordInterval_Sorted
Well_Quasi_Orders.Multiset_Extension
Well_Quasi_Orders.Minimal_Elements
DFS_Framework.DFS_Framework_Misc
DFS_Framework.DFS_Framework_Refine_Aux
Relational_Cardinality.Representation
Types_To_Sets_Extension.ETTS
Types_To_Sets_Extension.ETTS_Auxiliary
Types_To_Sets_Extension.Introduction
Types_To_Sets_Extension.FNDS_Auxiliary
Types_To_Sets_Extension.Type_Simple_Orders
Types_To_Sets_Extension.Set_Semigroups
Types_To_Sets_Extension.Set_Simple_Orders
Types_To_Sets_Extension.SML_Introduction
Types_To_Sets_Extension.SML_Semigroups
Types_To_Sets_Extension.SML_Monoids
Types_To_Sets_Extension.VS_Prerequisites
Types_To_Sets_Extension.VS_Groups
Types_To_Sets_Extension.Manual_Prerequisites
Types_To_Sets_Extension.ETTS_Introduction
Types_To_Sets_Extension.SML_Groups
Types_To_Sets_Extension.SML_Semirings
Types_To_Sets_Extension.FNDS_Introduction
Types_To_Sets_Extension.ETTS_Theory
Types_To_Sets_Extension.ETTS_Syntax
CoSMeDis.Prelim
CoSMeDis.System_Specification
CoSMeDis.Automation_Setup
CoSMeDis.Safety_Properties
CoSMeDis.Outer_Friend_Intro
CoSMeDis.Post_Observation_Setup_RECEIVER
CoSMeDis.Post_Unwinding_Helper_RECEIVER
CoSMeDis.Outer_Friend
CoSMeDis.Outer_Friend_Receiver_Observation_Setup
CoSMeDis.Outer_Friend_Receiver_State_Indistinguishability
CoSMeDis.Independent_Post_Observation_Setup_RECEIVER
CoSMeDis.Independent_Post_Value_Setup_RECEIVER
CoSMeDis.Independent_Post_RECEIVER
CoSMeDis.Post_Value_Setup_RECEIVER
CoSMeDis.Post_RECEIVER
CoSMeDis.Friend_Intro
CoSMeDis.Friend_Observation_Setup
CoSMeDis.Friend_State_Indistinguishability
CoSMeDis.Outer_Friend_Issuer_Observation_Setup
CoSMeDis.Post_Intro
CoSMeDis.Post_Observation_Setup_ISSUER
CoSMeDis.Post_Unwinding_Helper_ISSUER
CoSMeDis.Post_Value_Setup_ISSUER
CoSMeDis.Post_ISSUER
CoSMeDis.Post_COMPOSE2
CoSMeDis.Friend_Openness
CoSMeDis.Friend_Request_Intro
CoSMeDis.Friend_Request_Value_Setup
CoSMeDis.Friend_Request
CoSMeDis.Friend_Value_Setup
CoSMeDis.Friend
CoSMeDis.Independent_Post_Observation_Setup_ISSUER
CoSMeDis.DYNAMIC_Post_Value_Setup_ISSUER
CoSMeDis.DYNAMIC_Post_ISSUER
CoSMeDis.DYNAMIC_Post_COMPOSE2
CoSMeDis.Outer_Friend_Receiver_Value_Setup
CoSMeDis.Outer_Friend_Receiver
CoSMeDis.Outer_Friend_Issuer_State_Indistinguishability
CoSMeDis.Outer_Friend_Issuer_Openness
CoSMeDis.Outer_Friend_Issuer_Value_Setup
CoSMeDis.Outer_Friend_Issuer
CoSMeDis.Independent_DYNAMIC_Post_Value_Setup_ISSUER
CoSMeDis.Independent_DYNAMIC_Post_ISSUER
CoSMeDis.API_Network
CoSMeDis.Outer_Friend_Network
CoSMeDis.DYNAMIC_Post_Network
CoSMeDis.Independent_DYNAMIC_Post_Network
CoSMeDis.Independent_Posts_Network
CoSMeDis.Friend_Request_Network
CoSMeDis.Post_Network
CoSMeDis.Friend_Network
Show.Show
Show.Show_Instances
Show.Number_Parser
Show.Shows_Literal
Certification_Monads.Parser_Monad
Combinatorics_Words_Graph_Lemma.Glued_Codes
BDD.BinDag
BDD.General
Collections_Examples.Succ_Graph
Collections_Examples.Nested_DFS
WebAssembly.Wasm_Ast
WebAssembly.Wasm_Base_Defs
WebAssembly.Wasm
WebAssembly.Wasm_Axioms
WebAssembly.Wasm_Checker_Types
WebAssembly.Wasm_Properties_Aux
WebAssembly.Wasm_Properties
WebAssembly.Wasm_Interpreter
WebAssembly.Wasm_Interpreter_Properties
WebAssembly.Wasm_Interpreter_Printing
WebAssembly.Wasm_Checker
WebAssembly.Wasm_Checker_Printing
WebAssembly.Wasm_Type_Abs_Printing
Stone_Kleene_Relation_Algebras.Iterings
Stone_Kleene_Relation_Algebras.Kleene_Algebras
Stone_Kleene_Relation_Algebras.Kleene_Relation_Algebras
Stone_Kleene_Relation_Algebras.Matrix_Kleene_Algebras
Datatype_Order_Generator.Derive_Aux
Datatype_Order_Generator.Hash_Generator
Datatype_Order_Generator.Order_Generator
Simpl.Generalise
Simpl.Vcg
Simpl.ProcParExSP
Simpl.VcgExSP
Simpl.ClosureEx
Simpl.UserGuide
Simpl.Quicksort
Simpl.ProcParEx
Simpl.ComposeEx
Simpl.VcgEx
Simpl.VcgExTotal
BDD.ProcedureSpecs
BDD.LevellistProof
BDD.ShareRepProof
BDD.ShareReduceRepListProof
Simpl.XVcg
Simpl.XVcgEx
BDD.RepointProof
Residuated_Lattices.Residuated_Lattices
Residuated_Lattices.Residuated_Boolean_Algebras
Residuated_Lattices.Action_Algebra
LOFT.OpenFlow_Serialize
Minsky_Machines.Recursive_Inseparability
Combinable_Wands.PosRat
Combinable_Wands.Mask
Combinable_Wands.PartialHeapSA
CubicalCategories.ICatoids
CubicalCategories.CubicalCategories
CubicalCategories.CubicalCategoriesConnections
Regular_Algebras.Dioid_Power_Sum
Regular_Algebras.Regular_Algebras
Munta_Model_Checker.Munta_Error_Monad_Add
Munta_Model_Checker.TA_Impl_Misc2
Munta_Model_Checker.Parser_Combinator
Munta_Model_Checker.Lexer
Munta_Model_Checker.JSON_Parsing
Priority_Search_Trees.PST_General
Priority_Search_Trees.PST_RBT
AI_Planning_Languages_Semantics.Error_Monad_Add
Context_Free_Grammar.Context_Free_Grammar
Context_Free_Grammar.Epsilon_Elimination
Context_Free_Grammar.Inlining1Prod
Context_Free_Grammar.Expansion
Context_Free_Grammar.Parse_Tree
Context_Free_Grammar.Renaming_CFG
Context_Free_Grammar.Replace_Terminals
Context_Free_Grammar.Unit_Elimination
Context_Free_Grammar.Chomsky_Normal_Form
Context_Free_Grammar.Pumping_Lemma_CFG
Context_Free_Grammar.AnBnCn_not_CFL
Context_Free_Grammar.Binarize
Context_Free_Grammar.Right_Linear
Context_Free_Grammar.NDA_rlin2
Context_Free_Grammar.Pumping_Lemma_Regular
Context_Free_Grammar.Disjoint_Union_CFG
Context_Free_Grammar.Context_Free_Language
Pushdown_Systems.P_Automata
Pushdown_Systems.PDS
Berlekamp_Zassenhaus.More_Missing_Multiset
Berlekamp_Zassenhaus.Sublist_Iteration
Safe_Range_RC.Preliminaries
PAC_Checker.More_Loops
IMP_Noninterference_Extension.Small_Step
IMP_Noninterference_Extension.Definitions
IMP_Noninterference_Extension.Idempotence
IMP_Noninterference_Extension.Overapproximation
IMP_Noninterference_Extension.Correctness_Lemmas
Abstract-Rewriting.SN_Order_Carrier
Abstract-Rewriting.Relative_Rewriting
Abstract-Rewriting.Relation_Closure
Weighted_Path_Order.Precedence
Weighted_Path_Order.Relations
Weighted_Path_Order.Multiset_Extension_Pair
Weighted_Path_Order.Multiset_Extension_Pair_Impl
Stratified_Datalog.Program_Graph
Stratified_Datalog.Bit_Vector_Framework
Stratified_Datalog.Reaching_Definitions
Stratified_Datalog.Available_Expressions
Quantales.Quantales
Quantales.Quantale_Star
Bell_Numbers_Spivey.Bell_Numbers
Relational_Forests.Forests
IMP_Compiler_Reuse.Compiler
Twelvefold_Way.Preliminaries
Twelvefold_Way.Twelvefold_Way_Entry1
Twelvefold_Way.Twelvefold_Way_Entry2
Twelvefold_Way.Twelvefold_Way_Core
Twelvefold_Way.Equiv_Relations_on_Functions
Twelvefold_Way.Twelvefold_Way_Entry5
Twelvefold_Way.Twelvefold_Way_Entry7
Twelvefold_Way.Card_Bijections_Direct
Twelvefold_Way.Twelvefold_Way_Entry8
Twelvefold_Way.Twelvefold_Way_Entry9
Twelvefold_Way.Twelvefold_Way_Entry10
Twelvefold_Way.Twelvefold_Way_Entry11
Twelvefold_Way.Twelvefold_Way_Entry12
Twelvefold_Way.Twelvefold_Way_Entry3
Twelvefold_Way.Twelvefold_Way_Entry4
Twelvefold_Way.Twelvefold_Way_Entry6
Twelvefold_Way.Card_Bijections
Tree-Automata.Ta
Sorted_Rewriting.Conditional_Rewriting
Sorted_Rewriting.Sorted_Rewriting
Sorted_Rewriting.Ints_Logic
Sorted_Rewriting.Constrained_Rewriting
Card_Equiv_Relations.Card_Equiv_Relations
CCS.Agent
CCS.Strong_Sim
CCS.Strong_Sim_SC
CCS.Strong_Sim_Pres
CCS.Strong_Bisim
CCS.Strong_Bisim_Pres
CCS.Struct_Cong
CCS.Strong_Bisim_SC
CCS.Tau_Chain
CCS.Weak_Cong_Semantics
CCS.Weak_Semantics
CCS.Weak_Sim
CCS.Weak_Sim_Pres
CCS.Weak_Bisim
CCS.Weak_Cong_Sim
CCS.Weak_Cong
CCS.Weak_Cong_Sim_Pres
CCS.Weak_Bisim_Pres
LEM.LemExtraDefs
LEM.Lem
LEM.Lem_assert_extra
LEM.Lem_maybe_extra
CoCon.Prelim
CoCon.System_Specification
CoCon.Automation_Setup
CoCon.Safety_Properties
CoCon.Decision_Intro
CoCon.Decision_Value_Setup
CoCon.Review_Intro
CoCon.Discussion_Intro
CoCon.Discussion_Value_Setup
CoCon.Paper_Intro
CoCon.Observation_Setup
CoCon.Discussion_NCPC
CoCon.Discussion_All
CoCon.Decision_NCPC
CoCon.Decision_NCPC_Aut
CoCon.Decision_All
CoCon.Traceback_Properties
CoCon.Reviewer_Assignment_Intro
CoCon.Reviewer_Assignment_Value_Setup
CoCon.Reviewer_Assignment_NCPC
CoCon.Reviewer_Assignment_NCPC_Aut
CoCon.Reviewer_Assignment_All
CoCon.Paper_Value_Setup
CoCon.Paper_Aut_PC
CoCon.Paper_Aut
CoCon.Paper_All
CoCon.Review_Value_Setup
CoCon.Review_RAut
CoCon.Review_RAut_NCPC_PAut
CoCon.Review_RAut_NCPC
CoCon.Review_All
ROBDD.Abstract_Impl
ROBDD.Middle_Impl
Jordan_Normal_Form.Show_Arctic
Groebner_Bases.Confluence
Binary_Code_Imprimitive.Binary_Code_Imprimitive
HOL.Vector_Spaces
HOL.Real
Quantales.Dioid_Models_New
Show.Show_Real
Quantales.Quantale_Models
Quantales.Quantic_Nuclei_Conuclei
Transformer_Semantics.Isotone_Transformers
Transformer_Semantics.Sup_Inf_Preserving_Transformers
Transformer_Semantics.Kleisli_Transformers
Transformer_Semantics.Kleisli_Quantaloid
Transformer_Semantics.Kleisli_Quantale
Hybrid_Systems_VCs.HS_VC_KA_ndfun
SuffixArray.List_Permutation_Util
SuffixArray.List_Lexorder_NS
SuffixArray.Suffix_Array
SuffixArray.Simple_SACA_Verification
SuffixArray.Valid_List_Util
SuffixArray.Suffix_Util
SuffixArray.Suffix_Array_Properties
SuffixArray.List_Type
SuffixArray.Buckets
SuffixArray.Induce_L
SuffixArray.LMS_List_Slice_Util
SuffixArray.Get_Types
SuffixArray.Abs_SAIS
SuffixArray.Abs_Bucket_Insert_Verification
SuffixArray.Bucket_Insert_Verification
SuffixArray.Abs_Induce_S_Verification
SuffixArray.Abs_Rename_LMS_Verification
SuffixArray.Abs_Induce_L_Verification
SuffixArray.Induce_L_Verification
SuffixArray.Abs_Order_LMS_Verification
SuffixArray.Get_Types_Verification
SuffixArray.Abs_Induce_Verification
SuffixArray.Abs_Extract_LMS_Verification
SuffixArray.Abs_SAIS_Verification_With_Valid_Precondition
SuffixArray.Abs_SAIS_Verification
SuffixArray.Induce_S
SuffixArray.Induce_S_Verification
SuffixArray.Induce
SuffixArray.Induce_Verification
SuffixArray.SAIS
SuffixArray.SAIS_Verification
Transitive-Closure.RBT_Map_Set_Extension
EnrichedCategoryBasics.ClosedMonoidalCategory
EnrichedCategoryBasics.CartesianClosedMonoidalCategory
EnrichedCategoryBasics.EnrichedCategory
Network_Security_Policy_Verification.Efficient_Distinct
Network_Security_Policy_Verification.FiniteListGraph_Impl
Network_Security_Policy_Verification.TopoS_Library
Network_Security_Policy_Verification.TopoS_Impl
Network_Security_Policy_Verification.Impl_List_Playground_ChairNetwork
Collections.Trie_Impl
Collections.Trie2
Collections.TrieMapImpl
Collections.MapStdImpl
Collections.TrieSetImpl
Collections.SetStdImpl
Collections.ICF_Impl
Collections.ICF_Refine_Monadic
Collections.ICF_Autoref
Collections.Collections
Collections.CollectionsV1
Collections.Refine_Dflt_Only_ICF
Collections.Refine_Dflt_ICF
Relational_Divisibility.Relational_Constructions
BurrowsWheeler.Count_Util
BurrowsWheeler.Rank_Util
BurrowsWheeler.Select_Util
BurrowsWheeler.Rank_Select
BurrowsWheeler.SA_Util
Dynamic_Pushdown_Networks.DPN_Setup
Dynamic_Pushdown_Networks.FSM
Dynamic_Pushdown_Networks.FSM_ex
Dynamic_Pushdown_Networks.SRS
Dynamic_Pushdown_Networks.DPN
Simple_Firewall.Service_Matrix
Completeness_Decreasing_Diagrams_for_N1.DCR3_Method
Pi_Calculus.Agent
Pi_Calculus.Rel
Pi_Calculus.Late_Semantics
Pi_Calculus.Late_Semantics1
Pi_Calculus.Late_Tau_Chain
Pi_Calculus.Strong_Late_Sim
Pi_Calculus.Strong_Late_Sim_SC
Pi_Calculus.Strong_Late_Sim_Pres
Pi_Calculus.Early_Semantics
Pi_Calculus.Early_Tau_Chain
Pi_Calculus.Weak_Late_Step_Semantics
Pi_Calculus.Weak_Late_Semantics
Pi_Calculus.Strong_Late_Bisim
Pi_Calculus.Strong_Late_Bisim_Subst
Pi_Calculus.Strong_Late_Bisim_Pres
Pi_Calculus.Strong_Late_Bisim_Subst_Pres
Pi_Calculus.Weak_Early_Step_Semantics
Pi_Calculus.Weak_Early_Semantics
Pi_Calculus.Weak_Late_Sim
Pi_Calculus.Weak_Late_Sim_Pres
Pi_Calculus.Weak_Late_Step_Sim
Pi_Calculus.Weak_Late_Step_Sim_Pres
Pi_Calculus.Strong_Early_Sim
Pi_Calculus.Strong_Early_Sim_Pres
Pi_Calculus.Weak_Early_Sim
Pi_Calculus.Weak_Early_Sim_Pres
Pi_Calculus.Strong_Early_Bisim
Pi_Calculus.Strong_Early_Bisim_Pres
Pi_Calculus.Weak_Early_Bisim
Pi_Calculus.Strong_Early_Bisim_Subst
Pi_Calculus.Weak_Late_Bisim
Pi_Calculus.Weak_Late_Cong
Pi_Calculus.Weak_Late_Bisim_Subst
Pi_Calculus.Weak_Late_Cong_Subst
Pi_Calculus.Weak_Early_Bisim_Subst
Pi_Calculus.Strong_Late_Bisim_SC
Pi_Calculus.Weak_Late_Bisim_SC
Pi_Calculus.Weak_Late_Bisim_Pres
Pi_Calculus.Strong_Late_Bisim_Subst_SC
Pi_Calculus.Strong_Early_Late_Comp
Pi_Calculus.Strong_Late_Expansion_Law
Pi_Calculus.Strong_Early_Bisim_SC
Pi_Calculus.Weak_Early_Bisim_SC
Pi_Calculus.Weak_Early_Bisim_Pres
Pi_Calculus.Weak_Early_Step_Sim
Pi_Calculus.Weak_Early_Cong
Pi_Calculus.Weak_Early_Cong_Subst
Pi_Calculus.Weak_Early_Step_Sim_Pres
Pi_Calculus.Weak_Early_Cong_Pres
Correctness_Algebras.Base
Correctness_Algebras.Binary_Iterings
Correctness_Algebras.Binary_Iterings_Strict
Correctness_Algebras.Monotonic_Boolean_Transformers
Correctness_Algebras.Omega_Algebras
Correctness_Algebras.Approximation
Correctness_Algebras.Tests
Correctness_Algebras.Preconditions
Correctness_Algebras.Test_Iterings
Correctness_Algebras.Pre_Post
Correctness_Algebras.Relative_Domain
Correctness_Algebras.N_Semirings
Correctness_Algebras.N_Semirings_Boolean
Correctness_Algebras.Lattice_Ordered_Semirings
Correctness_Algebras.N_Algebras
Correctness_Algebras.Recursion
Correctness_Algebras.N_Omega_Algebras
Correctness_Algebras.Domain
Correctness_Algebras.Complete_Tests
Correctness_Algebras.Hoare
Correctness_Algebras.Complete_Domain
Correctness_Algebras.Domain_Iterings
Correctness_Algebras.General_Refinement_Algebras
Correctness_Algebras.Relative_Modal
Correctness_Algebras.Hoare_Modal
Correctness_Algebras.Pre_Post_Modal
Decreasing-Diagrams.Decreasing_Diagrams
ILL.ILL
ILL.Proof
Relation_Algebra.Relation_Algebra
Relation_Algebra.Relation_Algebra_RTC
Relation_Algebra.Relation_Algebra_Vectors
Relation_Algebra.Relation_Algebra_Tests
Relation_Algebra.Relation_Algebra_Functions
Heard_Of.Reduction
JinjaThreads.JT_ICF
Regex_Equivalence.Regex_Equivalence
Aggregation_Algebras.Aggregation_Algebras
Aggregation_Algebras.Matrix_Aggregation_Algebras
Aggregation_Algebras.M_Choose_Component
Rewriting_Z.Z
Propositional_Logic_Class.List_Utilities
Propositional_Logic_Class.Classical_Connectives
Iptables_Semantics.Ipassmt
Iptables_Semantics.Routing_IpAssmt
Iptables_Semantics.No_Spoof
Iptables_Semantics.Common_Primitive_toString
Iptables_Semantics.Output_Interface_Replace
Iptables_Semantics.Interface_Replace
Iptables_Semantics.Transform
Iptables_Semantics.Primitive_Abstract
Iptables_Semantics.SimpleFw_Compliance
Iptables_Semantics.Code_Interface
Iptables_Semantics.Parser6
Iptables_Semantics.Semantics_Embeddings
Iptables_Semantics.No_Spoof_Embeddings
Iptables_Semantics.Access_Matrix_Embeddings
Iptables_Semantics.Parser
Efficient_Weighted_Path_Order.Indexed_Term
SequentInvertibility.NominalSequents
Deriving.Compare_Real
WOOT_Strong_Eventual_Consistency.Data
WOOT_Strong_Eventual_Consistency.SortKeys
WOOT_Strong_Eventual_Consistency.BasicAlgorithms
WOOT_Strong_Eventual_Consistency.IntegrateAlgorithm
WOOT_Strong_Eventual_Consistency.CreateAlgorithms
WOOT_Strong_Eventual_Consistency.DistributedExecution
WOOT_Strong_Eventual_Consistency.Psi
WOOT_Strong_Eventual_Consistency.Consistency
WOOT_Strong_Eventual_Consistency.CreateConsistent
WOOT_Strong_Eventual_Consistency.IntegrateInsertCommute
WOOT_Strong_Eventual_Consistency.StrongConvergence
WOOT_Strong_Eventual_Consistency.SEC
Old_Datatype_Show.Old_Show_Generator
Old_Datatype_Show.Old_Show_Instances
Hybrid_Multi_Lane_Spatial_Logic.RealInt
Hybrid_Multi_Lane_Spatial_Logic.Views
Hybrid_Multi_Lane_Spatial_Logic.Traffic
Hybrid_Multi_Lane_Spatial_Logic.Move
Hybrid_Multi_Lane_Spatial_Logic.Sensors
Hybrid_Multi_Lane_Spatial_Logic.Length
Hybrid_Multi_Lane_Spatial_Logic.Perfect_Sensors
Hybrid_Multi_Lane_Spatial_Logic.Restriction
Hybrid_Multi_Lane_Spatial_Logic.Regular_Sensors
Hybrid_Multi_Lane_Spatial_Logic.HMLSL
Hybrid_Multi_Lane_Spatial_Logic.HMLSL_Regular
Hybrid_Multi_Lane_Spatial_Logic.HMLSL_Perfect
Pattern_Completeness.Finite_IDL_Solver
Relational_Disjoint_Set_Forests.Disjoint_Set_Forests
Relational_Disjoint_Set_Forests.More_Disjoint_Set_Forests
Quantales_Converse.Kleene_Algebra_Converse
Difference_Bound_Matrices.DBM
Difference_Bound_Matrices.Zones
Difference_Bound_Matrices.DBM_Basics
Difference_Bound_Matrices.DBM_Misc
Difference_Bound_Matrices.DBM_Normalization
Difference_Bound_Matrices.DBM_Operations
First_Order_Rewriting.FOR_Preliminaries
Routing.Linux_Router
HOL-Library.Countable
Deriving.Countable_Generator
Deriving.Derive
KAD.Domain_Semiring
KAD.Antidomain_Semiring
KAD.Modal_Kleene_Algebra_Applications
KAD.Range_Semiring
KAD.Modal_Kleene_Algebra
Quantales_Converse.Modal_Kleene_Algebra_Var
Quantales_Converse.Modal_Quantale
Quantales_Converse.Modal_Kleene_Algebra_Converse
Quantales_Converse.Quantale_Converse
Sumcheck_Protocol.Polynomial_Instantiation
Suppes_Theorem.Probability_Logic
Registers.Axioms_Complement
Randomised_Social_Choice.Order_Predicates
Randomised_Social_Choice.Preference_Profiles
Randomised_Social_Choice.Elections
First_Order_Terms.Position
First_Order_Terms.Term_More
First_Order_Rewriting.Trs
First_Order_Rewriting.Multistep
First_Order_Terms.Term_Impl
First_Order_Rewriting.Multihole_Context
First_Order_Rewriting.Trs_Impl
Pattern_Completeness.Pattern_Completeness_Set
Pattern_Completeness.FCF_Problem
First_Order_Rewriting.Parallel_Rewriting
First_Order_Rewriting.Critical_Pairs
Pattern_Completeness.Pattern_Completeness_Multiset
Pattern_Completeness.FCF_Set
Pattern_Completeness.FCF_Multiset
Pattern_Completeness.Pattern_Completeness_List
Pattern_Completeness.FCF_List
Pattern_Completeness.Pattern_Completeness_Improved_Algorithm
Pattern_Completeness.Pattern_Completeness
OmegaCatoidsQuantales.Two_Kleene_Algebra
OmegaCatoidsQuantales.Two_Quantale
OmegaCatoidsQuantales.Omega_Kleene_Algebra
OmegaCatoidsQuantales.Omega_Quantale
Flyspeck-Tame.ArchCompAux
Flyspeck-Tame.ArchCompProps
Flyspeck-Tame.Relative_Completeness
Polynomials.Show_Polynomials
Chomsky_Schuetzenberger.Dyck_Language_Syms
AutoCorres2.PrettyProgs
AutoCorres2.SepCode
AutoCorres2.IndirectCalls
AutoCorres2.SepInv
AutoCorres2.StructSupport
AutoCorres2.SepTactic
AutoCorres2.SepFrame
AutoCorres2.ArrayAssertion
AutoCorres2.CProof
AutoCorres2.Padding_Equivalence
AutoCorres2.PackedTypes
AutoCorres2.CLanguage
AutoCorres2.ModifiesProofs
AutoCorres2.UMM
AutoCorres2.CLocals
AutoCorres2.CTranslationSetup
AutoCorres2.Array_Selectors
AutoCorres2.CTranslation
AutoCorres2.TypHeapLib
AutoCorres2.LemmaBucket_C
AutoCorres2.AbstractArrays
AutoCorres2.AutoCorres_Base
AutoCorres2.SimplBucket
AutoCorres2.TypHeapSimple
AutoCorres2.CCorresE
AutoCorres2.CorresXF
AutoCorres2.Split_Heap
AutoCorres2.L1Defs
AutoCorres2.L1Valid
AutoCorres2.L1Peephole
AutoCorres2.ExceptionRewrite
AutoCorres2.SimplConv
AutoCorres2.L2Defs
AutoCorres2.LocalVarExtract
AutoCorres2.L2Peephole
AutoCorres2.Stack_Typing
AutoCorres2.WordAbstract
AutoCorres2.L2ExceptionRewrite
AutoCorres2.In_Out_Parameters
AutoCorres2.HeapLift
AutoCorres2.Refines_Spec
AutoCorres2.TypeStrengthen
AutoCorres2.Runs_To_VCG_StackPointer
AutoCorres2.AutoCorresSimpset
AutoCorres2.WordPolish
AutoCorres2.Polish
AutoCorres2.AutoCorres
AutoCorres2.open_struct
AutoCorres2.In_Out_Parameters_Ex
AutoCorres2.AutoCorresInfrastructure
AutoCorres2.union_ac
AutoCorres2.fnptr
AutoCorres2.pointers_to_locals
Collections_Examples.Exploration
Simple_Clause_Learning.Ordered_Resolution_Prover_Extra
Parikh.Reg_Lang_Exp_Eqns
Regular_Tree_Relations.Term_Context
Regular_Tree_Relations.Basic_Utils
Regular_Tree_Relations.Ground_Terms
Regular_Tree_Relations.Ground_Closure
Regular_Tree_Relations.Ground_Ctxt
Knuth_Bendix_Order.Order_Pair
Knuth_Bendix_Order.Lexicographic_Extension
Knuth_Bendix_Order.KBO
Safe_Range_RC.Relational_Calculus
Safe_Range_RC.Restrict_Bounds
Safe_Range_RC.Restrict_Frees
Safe_Range_RC.Restrict_Bounds_Impl
Safe_Range_RC.Restrict_Frees_Impl
Graph_Theory.Auxiliary
CAVA_Base.CAVA_Base
Planarity_Certificates.Simpl_Anno
Planarity_Certificates.Executable_Permutations
Planarity_Certificates.Permutations_2
Datatype_Order_Generator.Derive
Promela.PromelaStatistics
Promela.PromelaDatastructures
Promela.PromelaInvariants
Promela.Promela
Promela.PromelaLTLConv
Promela.PromelaLTL
HOL-Library.FSet
Regular_Tree_Relations.FSet_Utils
Regular_Tree_Relations.Horn_Fset
Regular_Tree_Relations.Tree_Automata
Regular_Tree_Relations.Tree_Automata_Det
Regular_Tree_Relations.Tree_Automata_Abstract_Impl
Regular_Tree_Relations.Tree_Automata_Complement
Regular_Tree_Relations.RRn_Automata
Regular_Tree_Relations.GTT
Regular_Tree_Relations.GTT_Compose
Regular_Tree_Relations.GTT_Transitive_Closure
Regular_Tree_Relations.Pair_Automaton
Regular_Tree_Relations.AGTT
Regular_Tree_Relations.Tree_Automata_Pumping
Regular_Tree_Relations.RR2_Infinite
Regular_Tree_Relations.RR2_Infinite_Q_infinity
Regular_Tree_Relations.Regular_Relation_Abstract_Impl
Pre_Star_CFG.Pre_Star
Pre_Star_CFG.Applications
Matrix_Tensor.Matrix_Tensor
Kleene_Algebra.Dioid_Models
Kleene_Algebra.Kleene_Algebra_Models
KAD.Modal_Kleene_Algebra_Models
HOL-Library.Finite_Map
Polynomials.Poly_Mapping_Finite_Map
HOL.Real_Vector_Spaces
Nominal2.Nominal2_Base
Nominal2.Nominal2_Abs
Nominal2.Nominal2_FCB
Nominal2.Nominal2
Core_SC_DOM.BaseClass
Core_SC_DOM.BaseMonad
Core_SC_DOM.ObjectClass
Core_SC_DOM.NodeClass
Core_SC_DOM.ObjectMonad
Core_SC_DOM.NodeMonad
Core_SC_DOM.ElementClass
Core_SC_DOM.ElementMonad
Core_SC_DOM.CharacterDataClass
Core_SC_DOM.DocumentClass
Core_SC_DOM.CharacterDataMonad
Core_SC_DOM.DocumentMonad
Core_SC_DOM.Core_DOM_Functions
Core_SC_DOM.Core_DOM_Heap_WF
Core_SC_DOM.Core_DOM
Core_SC_DOM.Core_DOM_BaseTest
Core_SC_DOM.Node_removeChild
Core_SC_DOM.Node_insertBefore
Core_SC_DOM.Document_getElementById
Core_SC_DOM.Document_adoptNode
Flyspeck-Tame-Computation.ArchComp
Clique_and_Monotone_Circuits.Preliminaries
Proof_Terms_Term_Rewriting.Proof_Term_Utils
Proof_Terms_Term_Rewriting.Proof_Terms
Proof_Terms_Term_Rewriting.Linear_Matching
Proof_Terms_Term_Rewriting.Residual_Join_Deletion
Proof_Terms_Term_Rewriting.Orthogonal_PT
HOLCF.Bifinite
HOLCF.Universal
HOLCF.Compact_Basis
HOLCF.LowerPD
HOLCF.UpperPD
HOLCF.ConvexPD
HOLCF.Algebraic
HOLCF.Representable
HOLCF.Domain
HOLCF.Powerdomains
Factored_Transition_System_Bounding.FactoredSystemLib
Factored_Transition_System_Bounding.FmapUtils
Factored_Transition_System_Bounding.FactoredSystem
Factored_Transition_System_Bounding.ActionSeqProcess
Factored_Transition_System_Bounding.TopologicalProps
Factored_Transition_System_Bounding.Dependency
Factored_Transition_System_Bounding.SystemAbstraction
Timed_Automata.TA_Misc
Timed_Automata.Regions_Beta
Top_Down_Solver.Basics
Top_Down_Solver.TD_plain
Top_Down_Solver.TD_equiv
Physical_Quantities.Power_int
CAVA_Automata.Digraph
CAVA_Automata.Automata
CAVA_Automata.Lasso
CAVA_Automata.Simulation
CAVA_Automata.Stuttering_Extension
CAVA_Automata.Digraph_Impl
CAVA_Automata.Automata_Impl
CAVA_LTL_Modelchecker.NDFS_SI_Statistics
CAVA_LTL_Modelchecker.NDFS_SI
CAVA_LTL_Modelchecker.BoolProgs
CAVA_LTL_Modelchecker.BoolProgs_Extras
CAVA_LTL_Modelchecker.BoolProgs_Philosophers
CAVA_LTL_Modelchecker.BoolProgs_LTL_Conv
CAVA_LTL_Modelchecker.BoolProgs_LeaderFilters
CAVA_LTL_Modelchecker.BoolProgs_ReaderWriter
CAVA_LTL_Modelchecker.BoolProgs_Simple
CAVA_LTL_Modelchecker.BoolProgs_Programs
CAVA_LTL_Modelchecker.All_Of_Nested_DFS
CAVA_LTL_Modelchecker.CAVA_Abstract
Incredible_Proof_Machine.Entailment
Incredible_Proof_Machine.Indexed_FSet
Incredible_Proof_Machine.Abstract_Formula
Incredible_Proof_Machine.Abstract_Rules
Incredible_Proof_Machine.Incredible_Signatures
Incredible_Proof_Machine.Incredible_Deduction
Incredible_Proof_Machine.Abstract_Rules_To_Incredible
Incredible_Proof_Machine.Incredible_Trees
Incredible_Proof_Machine.Predicate_Formulas
Incredible_Proof_Machine.Incredible_Predicate
XML.Xml
SM.LTS
SM.SM_Cfg
SM.Gen_Scheduler
SM.Gen_Scheduler_Refine
SM.Gen_Cfg_Bisim
SM.SM_Semantics
SM.SM_LTL
SM.Decide_Locality
SM.Type_System
SM.SM_Finite_Reachable
SM.Rename_Cfg
SM.SM_Visible
Diophantine_Universal_Pairs.Lemma_4_4
Launchbury.Vars
Launchbury.Nominal-Utils
Launchbury.AList-Utils-Nominal
Launchbury.Terms
Launchbury.Substitution
Launchbury.Launchbury
ProcessComposition_ILL.ResTermILL
ProcessComposition_ILL.ResourceILL
DFS_Framework.Impl_Rev_Array_Stack
DFS_Framework.Param_DFS
DFS_Framework.DFS_Invars_Basic
DFS_Framework.DFS_Invars_SCC
DFS_Framework.General_DFS_Structure
DFS_Framework.Tailrec_Impl
DFS_Framework.Rec_Impl
DFS_Framework.Simple_Impl
DFS_Framework.Restr_Impl
DFS_Framework.DFS_Framework
DFS_Framework.Cyc_Check
DFS_Framework.DFS_Find_Path
DFS_Framework.Tarjan_LowLink
DFS_Framework.Tarjan
DFS_Framework.Reachable_Nodes
DFS_Framework.Feedback_Arcs
SM.SM_Datastructures
DFS_Framework.Nested_DFS
Relational_Minimum_Spanning_Trees.Kruskal
Ribbon_Proofs.More_Finite_Map
Ribbon_Proofs.Ribbons_Interfaces
Ribbon_Proofs.Ribbons_Graphical
Call_Arity.SestoftConf
Call_Arity.Sestoft
Call_Arity.SestoftGC
Call_Arity.EtaExpansion
Call_Arity.EtaExpansionSafe
First_Order_Clause.Parallel_Induct
First_Order_Clause.Context_Functor
First_Order_Clause.IsaFoR_Ground_Term
First_Order_Clause.IsaFoR_Ground_Context
First_Order_Clause.IsaFoR_Ground_Critical_Pairs
First_Order_Clause.Ground_Term_Typing
HOL-Analysis.Metric_Arith
Equivalence_Relation_Enumeration.Equivalence_Relation_Enumeration
Dijkstra_Shortest_Path.GraphSpec
Dijkstra_Shortest_Path.GraphGA
Dijkstra_Shortest_Path.GraphByMap
Dijkstra_Shortest_Path.HashGraphImpl
CakeML_Codegen.ML_Utils
CakeML_Codegen.Code_Utils
CakeML_Codegen.Compiler_Utils
FO_Theory_Rewriting.Utils
FO_Theory_Rewriting.Multihole_Context_More
FO_Theory_Rewriting.Rewriting
FO_Theory_Rewriting.Bot_Terms
FO_Theory_Rewriting.NF
FO_Theory_Rewriting.LV_to_GTT
FO_Theory_Rewriting.FOR_Certificate
FO_Theory_Rewriting.Ground_MCtxt
FO_Theory_Rewriting.Context_Extensions
FO_Theory_Rewriting.Lift_Root_Step
FO_Theory_Rewriting.Context_RR2
FO_Theory_Rewriting.Tree_Automata_Derivation_Split
FO_Theory_Rewriting.TA_Clousure_Const
FO_Theory_Rewriting.GTT_RRn
Gabow_SCC.Gabow_Skeleton
Gabow_SCC.Gabow_SCC
Gabow_SCC.Gabow_Skeleton_Code
Gabow_SCC.Gabow_SCC_Code
Gabow_SCC.Find_Path
Gabow_SCC.Gabow_GBG
Gabow_SCC.Find_Path_Impl
Gabow_SCC.Gabow_GBG_Code
Optics.Two
Optics.Lens_Laws
Optics.Lens_Algebra
Optics.Lens_Order
Optics.Lens_Symmetric
Optics.Scenes
Optics.Scene_Spaces
Optics.Lens_Instances
Optics.Lenses
Optics.Prisms
Optics.Dataspace
Optics.Channel_Type
Optics.Optics
FOL-Fitting.FOL_Fitting
FO_Theory_Rewriting.FOR_Semantics
HOL.Binomial_Plus
LambdaAuth.Nominal2_Lemmas
LambdaAuth.Syntax
LambdaAuth.FMap_Lemmas
LambdaAuth.Semantics
LambdaAuth.Agreement
Rewrite_Properties_Reduction.Terms_Positions
Rewrite_Properties_Reduction.Rewriting
Rewrite_Properties_Reduction.Replace_Constant
Rewrite_Properties_Reduction.Rewriting_GTRS
Rewrite_Properties_Reduction.Rewriting_LLRG_LV_Mondaic
Rewrite_Properties_Reduction.Rewriting_Properties
Isabelle-Solidity.Utils
Isabelle-Solidity.Memory
Isabelle-Solidity.Stores
Isabelle-Solidity.State
Isabelle-Solidity.State_Monad
Functional_Ordered_Resolution_Prover.IsaFoR_Term
Functional_Ordered_Resolution_Prover.Executable_Subsumption
Min_Max_Least_Greatest.Min_Max_Least_Greatest_FSet
Relational_Paths.More_Relation_Algebra
Relational_Paths.Paths
Relational_Paths.Rooted_Paths
Modal_Logics_for_NTS.Nominal_Bounded_Set
Modal_Logics_for_NTS.FS_Set
Modal_Logics_for_NTS.Nominal_Wellfounded
Modal_Logics_for_NTS.Residual
Modal_Logics_for_NTS.Transition_System
Modal_Logics_for_NTS.Weak_Transition_System
Modal_Logics_for_NTS.FL_Transition_System
Modal_Logics_for_NTS.Formula
Modal_Logics_for_NTS.Validity
Modal_Logics_for_NTS.Logical_Equivalence
Modal_Logics_for_NTS.Disjunction
Modal_Logics_for_NTS.Weak_Formula
Modal_Logics_for_NTS.Weak_Validity
Modal_Logics_for_NTS.Weak_Logical_Equivalence
Modal_Logics_for_NTS.Equivalence_Implies_Bisimilarity
Modal_Logics_for_NTS.Weak_Equivalence_Implies_Bisimilarity
Modal_Logics_for_NTS.FL_Formula
Modal_Logics_for_NTS.FL_Validity
Modal_Logics_for_NTS.Weak_Bisimilarity_Implies_Equivalence
Modal_Logics_for_NTS.Weak_Expressive_Completeness
Modal_Logics_for_NTS.FL_Logical_Equivalence
Modal_Logics_for_NTS.FL_Equivalence_Implies_Bisimilarity
Modal_Logics_for_NTS.Bisimilarity_Implies_Equivalence
CHERI-C_Memory_Model.Preliminary_Library
UTP-Toolkit.List_Extra
UTP-Toolkit.Sequence
UTP-Toolkit.Infinity
UTP-Toolkit.Positive
Simplex.Simplex_Algebra
Simplex.Abstract_Linear_Poly
Simplex.QDelta
Simplex.Linear_Poly_Maps
Simplex.Simplex
Simplex.Simplex_Incremental
Weighted_Path_Order.List_Order
Weighted_Path_Order.Multiset_Extension2
Weighted_Path_Order.Multiset_Extension2_Impl
Weighted_Path_Order.WPO
Weighted_Path_Order.LPO
Weighted_Path_Order.RPO
Weighted_Path_Order.KBO_Transformation
HOL-Library.Countable_Set
First_Order_Clause.Infinite_Variables_Per_Type
UTP-Toolkit.Map_Extra
UTP-Toolkit.Partial_Fun
Prop_Compactness.PropCompactness
Prop_Compactness.Hall_Theorem
HOL-Library.Countable_Set_Type
UTP-Toolkit.FSet_Extra
UTP-Toolkit.Countable_Set_Extra
UTP-Toolkit.Finite_Fun
Multiset_Ordering_NPC.Multiset_Ordering_More
Multiset_Ordering_NPC.Multiset_Ordering_NP_Hard
Goedel_HFSet_Semanticless.SyntaxN
Goedel_HFSet_Semanticless.Coding
Goedel_HFSet_Semanticless.Predicates
Goedel_HFSet_Semanticless.Sigma
Goedel_HFSet_Semanticless.Coding_Predicates
Goedel_HFSet_Semanticless.Functions
Goedel_HFSet_Semanticless.Pf_Predicates
Goedel_HFSet_Semanticless.II_Prelims
Goedel_HFSet_Semanticless.Goedel_I
Goedel_HFSet_Semanticless.Pseudo_Coding
Goedel_HFSet_Semanticless.Quote
IsaNet.Message
IsaNet.Parametrized_Dataplane_1
IsaNet.Abstract_XOR
IsaNet.Parametrized_Dataplane_2
IsaNet.Parametrized_Dataplane_3_directed
IsaNet.EPIC_L1_BA
IsaNet.SCION_variant
IsaNet.EPIC_L1_SA
IsaNet.EPIC_L2_SA
IsaNet.SCION
IsaNet.Parametrized_Dataplane_3_undirected
IsaNet.ICING
IsaNet.ICING_variant
IsaNet.Anapaya_SCION
IsaNet.ICING_variant2
Efficient_Weighted_Path_Order.RPO_Unbounded
Efficient_Weighted_Path_Order.List_Memo_Functions
Efficient_Weighted_Path_Order.WPO_Approx
Efficient_Weighted_Path_Order.WPO_Mem_Impl
SC_DOM_Components.Core_DOM_DOM_Components
SC_DOM_Components.Core_DOM_SC_DOM_Components
Z_Toolkit.Infinity
Z_Toolkit.List_Extra
Z_Toolkit.Infinite_Sequence
Z_Toolkit.Countable_Set_Extra
Z_Toolkit.Bounded_List
Z_Toolkit.Relation_Extra
Z_Toolkit.Map_Extra
Z_Toolkit.Partial_Fun
Z_Toolkit.Finite_Fun
Z_Toolkit.Partial_Inj
Z_Toolkit.Finite_Inj
Z_Toolkit.Total_Fun
Z_Toolkit.Positive
Z_Toolkit.Relation_Lib
Z_Toolkit.Set_Toolkit
Z_Toolkit.Relation_Toolkit
Z_Toolkit.Function_Toolkit
Z_Toolkit.Partial_Function_Command
Z_Toolkit.Number_Toolkit
Z_Toolkit.Sequence_Toolkit
Z_Toolkit.Z_Toolkit_Pretty
HOL-Library.Countable_Complete_Lattices
LTL.Disjunctive_Normal_Form
Safe_OCL.Finite_Map_Ext
Safe_OCL.Tuple
Safe_OCL.OCL_Basic_Types
Safe_OCL.OCL_Types
Shadow_SC_DOM.ShadowRootClass
Shadow_SC_DOM.ShadowRootMonad
Shadow_SC_DOM.Shadow_DOM
SC_DOM_Components.Shadow_DOM_DOM_Components
Shadow_SC_DOM.Shadow_DOM_BaseTest
Shadow_SC_DOM.slots
Shadow_SC_DOM.Shadow_DOM_Node_removeChild
Shadow_SC_DOM.Shadow_DOM_Document_getElementById
Shadow_SC_DOM.Shadow_DOM_Node_insertBefore
Shadow_SC_DOM.Shadow_DOM_Document_adoptNode
Shadow_SC_DOM.slots_fallback
Higher_Order_Terms.Find_First
Higher_Order_Terms.Term_Utils
Higher_Order_Terms.Fresh_Monad
Higher_Order_Terms.Fresh_Class
Catoids.Catoid_Lifting
AutoCorres2_Main.AutoCorres_Main
HOL.Limits
Sort_Encodings.Preliminaries
Sort_Encodings.TermsAndClauses
Sort_Encodings.U
Sort_Encodings.Sig
Sort_Encodings.M
Sort_Encodings.CM
Sort_Encodings.CU
Sort_Encodings.Mono
Sort_Encodings.E
Sort_Encodings.Mcalc2
Sort_Encodings.Mcalc2C
Sort_Encodings.Mcalc
Sort_Encodings.T_G_Prelim
Sort_Encodings.G
Sort_Encodings.T
LOFT.LinuxRouter_OpenFlow_Translation
Decl_Sem_Fun_PL.MutableRef
Decl_Sem_Fun_PL.ValuesFSet
Decl_Sem_Fun_PL.ValuesFSetProps
Decl_Sem_Fun_PL.RelationalSemFSet
Decl_Sem_Fun_PL.DeclSemAsDenotFSet
Decl_Sem_Fun_PL.ChangeEnv
Decl_Sem_Fun_PL.DenotSoundFSet
Decl_Sem_Fun_PL.DenotCompleteFSet
Decl_Sem_Fun_PL.DenotCongruenceFSet
Decl_Sem_Fun_PL.DenotEqualitiesFSet
Tree-Automata.AbsAlgo
Tree-Automata.Ta_impl
Formula_Derivatives.FSet_More
Formula_Derivatives.WS1S_Prelim
Formula_Derivatives.WS1S_Alt_Formula
Formula_Derivatives.WS1S_Formula
Formula_Derivatives.WS1S_Nameful
Formula_Derivatives.WS1S_Presburger_Equivalence
LTL_to_GBA.LTL_to_GBA
LTL_to_GBA.LTL_to_GBA_impl
Propositional_Proof_Systems.Formulas
Propositional_Proof_Systems.Substitution
Propositional_Proof_Systems.ND
Propositional_Proof_Systems.CNF_Formulas
Propositional_Proof_Systems.Tseytin
Propositional_Proof_Systems.Sema
Propositional_Proof_Systems.Compactness
Propositional_Proof_Systems.ND_Sound
Propositional_Proof_Systems.MiniFormulas
Propositional_Proof_Systems.Substitution_Sema
Propositional_Proof_Systems.HC
Propositional_Proof_Systems.SC
Propositional_Proof_Systems.SC_Sema
Propositional_Proof_Systems.SCND
Propositional_Proof_Systems.MiniSC
Propositional_Proof_Systems.SC_Depth
Propositional_Proof_Systems.SC_Cut
Propositional_Proof_Systems.HCSC
Propositional_Proof_Systems.LSC
Propositional_Proof_Systems.LSC_Resolution
Propositional_Proof_Systems.NDHC
Propositional_Proof_Systems.ND_Compl_Truthtable
Propositional_Proof_Systems.CNF_Formulas_Sema
Propositional_Proof_Systems.Consistency
KAT_and_DRA.KAT_Models
Munta_Model_Checker.Shortest_SCC_Paths
HOL.Inequalities
Resolution_FOL.TermsAndLiterals
Resolution_FOL.Resolution
Resolution_FOL.Unification_Theorem
Resolution_FOL.Completeness
Core_DOM.BaseClass
Core_DOM.ObjectClass
Core_DOM.BaseMonad
Core_DOM.ObjectMonad
Core_DOM.NodeClass
Core_DOM.ElementClass
Core_DOM.CharacterDataClass
Core_DOM.DocumentClass
Core_DOM.NodeMonad
Core_DOM.ElementMonad
Core_DOM.CharacterDataMonad
Core_DOM.DocumentMonad
Core_DOM.Core_DOM_Functions
Core_DOM.Core_DOM_Heap_WF
Core_DOM.Core_DOM
Core_DOM.Core_DOM_BaseTest
Core_DOM.Node_insertBefore
Core_DOM.Document_adoptNode
Core_DOM.Node_removeChild
Core_DOM.Document_getElementById
MiniSail.Nominal-Utils
MiniSail.Syntax
MiniSail.IVSubst
MiniSail.BTVSubst
MiniSail.Wellformed
MiniSail.RCLogic
MiniSail.SyntaxL
MiniSail.WellformedL
MiniSail.Typing
MiniSail.Operational
MiniSail.RCLogicL
MiniSail.TypingL
MiniSail.SubstMethods
MiniSail.ContextSubtypingL
MiniSail.IVSubstTypingL
MiniSail.BTVSubstTypingL
MiniSail.Safety
HOL-Library.Disjoint_FSets
Higher_Order_Terms.Term_Class
Higher_Order_Terms.Nterm
Higher_Order_Terms.Term
Higher_Order_Terms.Term_to_Nterm
Higher_Order_Terms.Pats
Higher_Order_Terms.Unification_Compat
Abstract_Substitution.Substitution
Abstract_Substitution.Based_Substitution
Abstract_Substitution.Substitution_First_Order_Term
Abstract_Substitution.Substitution_Lifting
Abstract_Substitution.Based_Substitution_Lifting
Finite-Map-Extras.Finite_Map_Extras
Pushdown_Systems.PDS_Code
Incompleteness.SyntaxN
Incompleteness.Coding
Incompleteness.Predicates
Incompleteness.Sigma
Incompleteness.Coding_Predicates
Incompleteness.Functions
Incompleteness.Pf_Predicates
Incompleteness.Goedel_I
Incompleteness.II_Prelims
Incompleteness.Pseudo_Coding
Incompleteness.Quote
Incompleteness.Goedel_II
First_Order_Clause.Entailment_Lifting
First_Order_Clause.Typed_Substitution
First_Order_Clause.Grounded_Order
First_Order_Clause.Multiset_Grounding_Lifting
First_Order_Clause.Nonground_Term
First_Order_Clause.Nonground_Context
First_Order_Clause.IsaFoR_Nonground_Term
First_Order_Clause.IsaFoR_Nonground_Context
First_Order_Clause.Nonground_Term_Typing
First_Order_Clause.Typed_IMGU
First_Order_Clause.Nonground_Term_Order
First_Order_Clause.Monomorphic_Typing
First_Order_Clause.Grounded_Multiset_Extension
First_Order_Clause.Typed_Substitution_Lifting
LL1_Parser.First_Map
LL1_Parser.Follow_Map
LL1_Parser.Parse_Table
LL1_Parser.LL1_Parser
LL1_Parser.LL1_Parser_show
HOLCF
Algebraic_VCs.VC_KAT
Algebraic_VCs.VC_KAD
Algebraic_VCs.VC_KAD_dual
Algebraic_VCs.RKAT
Algebraic_VCs.RKAT_Models
Algebraic_VCs.VC_RKAT
Algebraic_VCs.VC_KAD_wf
Farkas.Farkas
Farkas.Simplex_for_Reals
FOL_Seq_Calc1.Common
FOL_Seq_Calc1.Tableau
FOL_Seq_Calc1.Sequent
Extended_Finite_State_Machines.FSet_Utils
Extended_Finite_State_Machines.EFSM
Launchbury.HOLCF-Meet
Launchbury.C
Launchbury.CValue
Launchbury.HOLCF-Utils
Launchbury.Nominal-HOLCF
Launchbury.CValue-Nominal
Launchbury.Value
Launchbury.ValueSimilarity
Launchbury.C-Meet
Launchbury.Value-Nominal
Launchbury.C-restr
Launchbury.HOLCF-Join
Launchbury.HOLCF-Join-Classes
Launchbury.Env
Launchbury.EvalHeap
Launchbury.Env-Nominal
Launchbury.Env-HOLCF
Launchbury.HasESem
Launchbury.Iterative
Launchbury.HeapSemantics
Launchbury.AbstractDenotational
Launchbury.Abstract-Denotational-Props
Launchbury.Denotational
Launchbury.ResourcedDenotational
Launchbury.CorrectnessResourced
Launchbury.ResourcedAdequacy
Launchbury.Denotational-Related
Launchbury.Adequacy
Launchbury.CorrectnessOriginal
Formal_SSA.Graph_path
Formal_SSA.SSA_CFG
Formal_SSA.Minimality
Formal_SSA.Construct_SSA_notriv
Formal_SSA.SSA_CFG_code
Formal_SSA.Construct_SSA_notriv_code
Formal_SSA.Construct_SSA
Formal_SSA.Construct_SSA_code
Formal_SSA.SSA_Transfer_Rules
Formal_SSA.Generic_Interpretation
HOLCF-Library.List_Cpo
HOLCF-Library.Char_Discrete
HOLCF-Library.Bool_Discrete
HOLCF-Library.Defl_Bifinite
HOLCF-Library.Nat_Discrete
HOLCF-Library.Sum_Cpo
HOLCF-Library.List_Predomain
HOLCF-Library.Int_Discrete
HOLCF-Library.Option_Cpo
Shallow_Expressions.Variables
Shallow_Expressions.Expressions
Shallow_Expressions.Unrestriction
Shallow_Expressions.Substitutions
Shallow_Expressions.Extension
Shallow_Expressions.Collections
Shallow_Expressions.Liberation
Shallow_Expressions.Local_State
Shallow_Expressions.Named_Expressions
Shallow_Expressions.Quantifiers
Shallow_Expressions.Shallow_Expressions
HOL-Library.Set_Idioms
HOL-CSP.Process
HOL-CSP.Hiding
HOL-CSP.Deterministic_Choice
HOL-CSP.Renaming
HOL-CSP.Synchronization_Product
HOL-CSP.Induct_CSP_Rules
HOL-CSP.Non_Deterministic_Choice
HOL-CSP.Sliding_Choice
HOL-CSP.Sequential_Composition
HOL-CSP.Constant_Processes
HOL-CSP.CSP_Refinements
HOL-CSP.Multi_Deterministic_Prefix_Choice
HOL-CSP.Multi_Non_Deterministic_Prefix_Choice
HOL-CSP.Global_Non_Deterministic_Choice
HOL-CSP.CSP_Monotonies
HOL-CSP.Basic_CSP_Laws
HOL-CSP.Non_Deterministic_CSP_Distributivity
HOL-CSP.Step_CSP_Laws
HOL-CSP.Step_CSP_Laws_Extended
HOL-CSP.CSP_Laws
HOL-CSP.Read_Write_CSP_Laws
HOL-CSP.Events_Ticks_CSP_Laws
HOL-CSP.CSP_Assertions
HOL-CSP.HOL-CSP
HOL-Imperative_HOL.Heap
HOL-Imperative_HOL.Heap_Monad
HOL-Imperative_HOL.Array
HOL-Imperative_HOL.Subarray
HOL-Imperative_HOL.Ref
HOL-Imperative_HOL.Imperative_HOL
HOL-Imperative_HOL.Linked_Lists
HOL-Imperative_HOL.Imperative_Quicksort
HOL-Imperative_HOL.Overview
HOL-Imperative_HOL.Imperative_Reverse
HOL-Imperative_HOL.SatChecker
CakeML_Codegen.Terms_Extras
CakeML_Codegen.HOL_Datatype
CakeML_Codegen.Constructors
CakeML_Codegen.Consts
CakeML_Codegen.General_Rewriting
CakeML_Codegen.Strong_Term
CakeML_Codegen.Sterm
CakeML_Codegen.Pterm
CakeML_Codegen.Rewriting_Term
CakeML_Codegen.Eval_Class
CakeML_Codegen.Rewriting_Nterm
CakeML_Codegen.Rewriting_Pterm_Elim
CakeML_Codegen.Rewriting_Pterm
CakeML_Codegen.Rewriting_Sterm
CakeML_Codegen.Embed
CakeML_Codegen.Eval_Instances
CakeML_Codegen.Term_as_Value
CakeML_Codegen.Value
CakeML_Codegen.Big_Step_Sterm
CakeML_Codegen.Big_Step_Value
CakeML_Codegen.Big_Step_Value_ML
HOLCF-IMP.Denotational
PAC_Checker.Finite_Map_Multiset
Separation_Logic_Imperative_HOL.Imperative_HOL_Add
Separation_Logic_Imperative_HOL.Assertions
Separation_Logic_Imperative_HOL.Run
Separation_Logic_Imperative_HOL.Hoare_Triple
Separation_Logic_Imperative_HOL.Automation
Separation_Logic_Imperative_HOL.Sep_Main
Separation_Logic_Imperative_HOL.List_Seg
Separation_Logic_Imperative_HOL.Imp_Map_Spec
Separation_Logic_Imperative_HOL.Hash_Table
Separation_Logic_Imperative_HOL.Hash_Map
Separation_Logic_Imperative_HOL.Hash_Map_Impl
Separation_Logic_Imperative_HOL.Union_Find
Separation_Logic_Imperative_HOL.Imp_List_Spec
Separation_Logic_Imperative_HOL.Open_List
Separation_Logic_Imperative_HOL.Circ_List
Separation_Logic_Imperative_HOL.Array_Blit
Separation_Logic_Imperative_HOL.Array_Map_Impl
Separation_Logic_Imperative_HOL.Imp_Set_Spec
Separation_Logic_Imperative_HOL.Array_Set_Impl
Separation_Logic_Imperative_HOL.Hash_Set_Impl
Separation_Logic_Imperative_HOL.Idioms
Separation_Logic_Imperative_HOL.To_List_GA
Separation_Logic_Imperative_HOL.From_List_GA
Separation_Logic_Imperative_HOL.Sep_Examples
HOL-Library.Equipollence
Splitting_Framework.FSet_Extra
FOL_Seq_Calc2.Sequent1
FOL_Seq_Calc2.Sequent_Calculus_Verifier
Solidity.Storage
Solidity.Environment
Solidity.Contracts
Solidity.Expressions
Solidity.Statements
Solidity.Solidity_Main
Solidity.Solidity_Evaluator
Solidity.Weakest_Precondition
Tycon.TypeApp
Tycon.Coerce
Tycon.Functor
Tycon.Monad
Tycon.Binary_Tree_Monad
Tycon.Writer_Monad
Tycon.Lift_Monad
Tycon.Monad_Plus
Tycon.Error_Monad
Tycon.Error_Transformer
Tycon.Monad_Zero
Tycon.Writer_Transformer
Tycon.Resumption_Transformer
Tycon.Monad_Zero_Plus
Tycon.Lazy_List_Monad
Tycon.Maybe_Monad
Tycon.State_Transformer
Hybrid_Systems_VCs.HS_VC_MKA
HOL-CSP
HOL-CSP.CopyBuffer
Refine_Imperative_HOL.Sepref_Misc
Refine_Imperative_HOL.Sepref_Basic
Refine_Imperative_HOL.Sepref_Constraints
Refine_Imperative_HOL.Term_Synth
Refine_Imperative_HOL.Sepref_Monadify
Refine_Imperative_HOL.Sepref_Frame
Refine_Imperative_HOL.Pf_Mono_Prover
Refine_Imperative_HOL.Sepref_Rules
Refine_Imperative_HOL.Sepref_Definition
Refine_Imperative_HOL.Sepref_Combinator_Setup
Refine_Imperative_HOL.Sepref_Translate
Refine_Imperative_HOL.Sepref_Intf_Util
Refine_Imperative_HOL.Sepref_Tool
Refine_Imperative_HOL.Sepref_HOL_Bindings
Refine_Imperative_HOL.Sepref_Foreach
Refine_Imperative_HOL.Sepref_Improper
Refine_Imperative_HOL.Sepref
Refine_Imperative_HOL.IICF_Set
Refine_Imperative_HOL.IICF_List_SetO
Refine_Imperative_HOL.IICF_Matrix
Refine_Imperative_HOL.IICF_Map
Refine_Imperative_HOL.IICF_Prio_Map
Refine_Imperative_HOL.Worklist_Subsumption
Refine_Imperative_HOL.IICF_Array_Matrix
Refine_Imperative_HOL.IICF_List
Refine_Imperative_HOL.IICF_Array
Refine_Imperative_HOL.IICF_Array_List
Refine_Imperative_HOL.IICF_Sepl_Binding
Refine_Imperative_HOL.IICF_MS_Array_List
Refine_Imperative_HOL.IICF_Indexed_Array_List
Refine_Imperative_HOL.IICF_HOL_List
Refine_Imperative_HOL.IICF_Multiset
Refine_Imperative_HOL.IICF_List_Mset
Refine_Imperative_HOL.IICF_Prio_Bag
Refine_Imperative_HOL.IICF_Abs_Heap
Refine_Imperative_HOL.IICF_Impl_Heap
Refine_Imperative_HOL.IICF_Abs_Heapmap
Refine_Imperative_HOL.IICF_Impl_Heapmap
Refine_Imperative_HOL.IICF_List_MsetO
Refine_Imperative_HOL.IICF
Refine_Imperative_HOL.Sepref_Snip_Datatype
PAC_Checker.WB_Sort
Refine_Imperative_HOL.Sepref_ICF_Bindings
Refine_Imperative_HOL.Worklist_Subsumption_Impl
PAC_Checker.PAC_Map_Rel
Refine_Imperative_HOL.Sepref_Snip_Combinator
Refine_Imperative_HOL.Sepref_WGraph
Refine_Imperative_HOL.Sepref_Graph
Refine_Imperative_HOL.Sepref_NDFS
Refine_Imperative_HOL.Sepref_Minitests
Refine_Imperative_HOL.Sepref_DFS
Difference_Bound_Matrices.DBM_Operations_Impl
Difference_Bound_Matrices.DBM_Imperative_Loops
Difference_Bound_Matrices.DBM_Operations_Impl_Refine
Munta_Base.Bijective_Embedding
Munta_Base.Trace_Timing
Monad_Memo_DP.Heap_Monad_Ext
Monad_Memo_DP.State_Heap
Monad_Memo_DP.DP_CRelVH
Monad_Memo_DP.Bottom_Up_Computation_Heap
Monad_Memo_DP.Transform_Cmd
Monad_Memo_DP.Memory_Heap
Monad_Memo_DP.State_Main
Monad_Memo_DP.Heap_Main
Monad_Memo_DP.Heap_Default
Monad_Memo_DP.Example_Misc
Monad_Memo_DP.OptBST
Monad_Memo_DP.Tracing
Floyd_Warshall.Recursion_Combinators
Floyd_Warshall.FW_Code
Difference_Bound_Matrices.FW_More
Probability_Inequality_Completeness.Probability_Inequality_Completeness
WorkerWrapper.FixedPointTheorems
WorkerWrapper.WorkerWrapper
WorkerWrapper.WorkerWrapperNew
WorkerWrapper.Maybe
WorkerWrapper.Nats
WorkerWrapper.LList
Robinson_Arithmetic.Robinson_Arithmetic
CSP_RefTK.Process_norm
CSP_RefTK.DiningPhilosophers
Circus.Circus_Actions
Circus.Denotational_Semantics
Circus.Circus_Syntax
Circus.Refinement
HOL-CSPM.Interrupt
HOL-CSPM.Throw
HOL-CSPM.Multi_Sequential_Composition
HOL-CSPM.Multi_Synchronization_Product
HOL-CSPM.Global_Deterministic_Choice
HOL-CSPM.CSPM_Monotonies
HOL-CSPM.CSPM_Laws
HOL-CSPM.Step_CSPM_Laws
HOL-CSPM.Events_Ticks_CSPM_Laws
HOL-CSPM.CSPM_Deadlock_Results
HOL-CSPM.Non_Deterministic_CSPM_Distributivity
HOL-CSPM.Step_CSPM_Laws_Extended
HOL-CSPM.Read_Write_CSPM_Laws
Prpu_Maxflow.Graph_Topological_Ordering
Verified_SAT_Based_AI_Planning.State_Variable_Representation
Verified_SAT_Based_AI_Planning.SAS_Plus_Representation
Verified_SAT_Based_AI_Planning.CNF_Supplement
Verified_SAT_Based_AI_Planning.CNF_Semantics_Supplement
Verified_SAT_Based_AI_Planning.STRIPS_Representation
Verified_SAT_Based_AI_Planning.STRIPS_Semantics
Verified_SAT_Based_AI_Planning.SAT_Plan_Base
Verified_SAT_Based_AI_Planning.SAT_Plan_Extensions
Verified_SAT_Based_AI_Planning.SAS_Plus_Semantics
Verified_SAT_Based_AI_Planning.AST_SAS_Plus_Equivalence
Verified_SAT_Based_AI_Planning.SAS_Plus_STRIPS
Verified_SAT_Based_AI_Planning.SAT_Solve_SAS_Plus
Q0_Metatheory.Utilities
Q0_Metatheory.Syntax
Q0_Metatheory.Proof_System
BTree.Basic_Assn
BTree.Array_SBlit
BTree.Inst_Ex_Assn
BTree.Flatten_Iter
BTree.Imperative_Loops
BTree.Flatten_Iter_Spec
BTree.Partially_Filled_Array
BTree.BPlusTree_Imp
BTree.Partially_Filled_Array_Iter
BTree.BTree_Imp
BTree.BPlusTree_Iter
BTree.BPlusTree_ImpSplit
BTree.BPlusTree_ImpRange
BTree.BPlusTree_ImpSet
BTree.BTree_ImpSet
Restriction_Spaces-HOLCF
AI_Planning_Languages_Semantics.PDDL_STRIPS_Semantics
Auto2_Imperative_HOL.SepAuto
Auto2_Imperative_HOL.Union_Find_Impl
Auto2_Imperative_HOL.Arrays_Impl
Auto2_Imperative_HOL.Connectivity_Impl
Auto2_Imperative_HOL.Quicksort_Impl
Auto2_Imperative_HOL.DynamicArray
Auto2_Imperative_HOL.IntervalTree_Impl
Auto2_Imperative_HOL.GCD_Impl
Auto2_Imperative_HOL.Indexed_PQueue_Impl
Auto2_Imperative_HOL.LinkedList
Auto2_Imperative_HOL.Rect_Intersect_Impl
Auto2_Imperative_HOL.Dijkstra_Impl
Auto2_Imperative_HOL.RBTree_Impl
Auto2_Imperative_HOL.BST_Impl
Call_Arity.Cardinality-Domain
Call_Arity.TransformTools
Call_Arity.AbstractTransform
Call_Arity.Set-Cpo
Call_Arity.CoCallGraph
Call_Arity.CoCallGraph-Nominal
Call_Arity.Arity
Call_Arity.AEnv
Call_Arity.ArityStack
Call_Arity.Arity-Nominal
HOL-CSP_PTick.Synchronization_Product_Generalized
HOL-CSP_PTick.Sequential_Composition_Generalized
HOL-CSP_PTick.Non_Deterministic_CSP_PTick_Distributivity
HOL-CSP_PTick.Step_CSP_PTick_Laws
Call_Arity.ArityEtaExpansion
Call_Arity.ArityEtaExpansionSafe
Call_Arity.ArityAnalysisSig
Call_Arity.ArityAnalysisAbinds
Call_Arity.ArityAnalysisSpec
Call_Arity.CoCallAnalysisSig
Call_Arity.ArityAnalysisFix
Call_Arity.ArityAnalysisFixProps
Call_Arity.ArityTransform
Call_Arity.CardinalityAnalysisSig
Call_Arity.CardinalityAnalysisSpec
Call_Arity.Env-Set-Cpo
Call_Arity.Cardinality-Domain-Lists
Call_Arity.ArityAnalysisStack
Call_Arity.ArityConsistent
Call_Arity.CardArityTransformSafe
Call_Arity.TTree-HOLCF
Call_Arity.CoCallGraph-TTree
Call_Arity.AnalBinds
Call_Arity.TTreeAnalysisSig
Call_Arity.TTreeAnalysisSpec
Call_Arity.TTreeImplCardinality
Call_Arity.TTreeImplCardinalitySafe
Call_Arity.CoCallAritySig
Call_Arity.CoCallAnalysisSpec
Call_Arity.CoCallImplTTree
Call_Arity.CoCallImplTTreeSafe
Call_Arity.AList-Utils-HOLCF
Call_Arity.CoCallAnalysisBinds
Call_Arity.CoCallFix
Call_Arity.CoCallAnalysisImpl
Call_Arity.CoCallImplSafe
Call_Arity.CallArityEnd2End
PCF.Basis
PCF.Logical_Relations
PCF.PCF
PCF.OpSem
Shivers-CFA.HOLCFUtils
Shivers-CFA.AbsCF
Shivers-CFA.Computability
Shivers-CFA.FixTransform
Shivers-CFA.ExCF
HOL.Deriv
Sets_Revisited.Smallness
Sets_Revisited.Universe
Sets_Revisited.SetsCat
Cardinality_Continuum.Cardinality_Continuum_Library
HOLCF-Prelude.HOLCF_Main
HOLCF-Prelude.Type_Classes
HOLCF-Prelude.Data_Function
HOLCF-Prelude.Numeral_Cpo
HOLCF-Prelude.Data_Bool
HOLCF-Prelude.Data_Tuple
HOLCF-Prelude.Data_Integer
HOLCF-Prelude.Data_List
HOLCF-Prelude.List_Comprehension
HOLCF-Prelude.Num_Class
HOLCF-Prelude.Data_Maybe
HOLCF-Prelude.Definedness
HOLCF-Prelude.HOLCF_Prelude
Van_Emde_Boas_Trees.Heap_Time_Monad
Van_Emde_Boas_Trees.Array_Time
Van_Emde_Boas_Trees.Ref_Time
Van_Emde_Boas_Trees.Imperative_HOL_Time
Van_Emde_Boas_Trees.Assertions
Van_Emde_Boas_Trees.Hoare_Triple
Van_Emde_Boas_Trees.Refine_Imp_Hol
Van_Emde_Boas_Trees.Automation
Van_Emde_Boas_Trees.Sep_Main
Van_Emde_Boas_Trees.Time_Reasoning
Van_Emde_Boas_Trees.Simple_TBOUND_Cond
Van_Emde_Boas_Trees.VEBT_List_Assn
Extended_Finite_State_Machine_Inference.Code_Target_FSet
Extended_Finite_State_Machine_Inference.Subsumption
Extended_Finite_State_Machine_Inference.Inference
Extended_Finite_State_Machine_Inference.Increment_Reset
Extended_Finite_State_Machine_Inference.EFSM_Dot
Extended_Finite_State_Machine_Inference.Same_Register
Extended_Finite_State_Machine_Inference.Distinguishing_Guards
Extended_Finite_State_Machine_Inference.Weak_Subsumption
Extended_Finite_State_Machine_Inference.SelectionStrategies
Extended_Finite_State_Machine_Inference.Least_Upper_Bound
Extended_Finite_State_Machine_Inference.PTA_Generalisation
Extended_Finite_State_Machine_Inference.efsm2sal
Extended_Finite_State_Machine_Inference.Store_Reuse
Extended_Finite_State_Machine_Inference.Store_Reuse_Subsumption
VerifyThis2019.Exc_Nres_Monad
VerifyThis2019.VTcomp
VerifyThis2019.Challenge2A
FOL_Compactness.FOL_Syntax
FOL_Compactness.FOL_Semantics
FOL_Compactness.Ground_FOL_Compactness
FOL_Compactness.Prenex_Normal_Form
FOL_Compactness.Bumping
FOL_Compactness.Skolem_Normal_Form
Shadow_DOM.ShadowRootClass
Shadow_DOM.ShadowRootMonad
Shadow_DOM.Shadow_DOM
Shadow_DOM.Shadow_DOM_BaseTest
Shadow_DOM.slots_fallback
Shadow_DOM.slots
Shadow_DOM.Shadow_DOM_Node_insertBefore
Shadow_DOM.Shadow_DOM_Document_adoptNode
Shadow_DOM.Shadow_DOM_Node_removeChild
Shadow_DOM.Shadow_DOM_Document_getElementById
HOL.Series
DOM_Components.Core_DOM_Components
VerifyThis2018.Synth_Definition
VerifyThis2018.DRAT_Misc
VerifyThis2018.Exc_Nres_Monad
VerifyThis2018.Dynamic_Array
VerifyThis2018.Array_Map_Default
VerifyThis2018.VTcomp
Stream-Fusion.LazyList
Stream-Fusion.Stream
HOL-CSPM
HOL-CSP_PTick.Finite_Ticks
HOL-CSP_PTick.CSP_PTick_Renaming
HOL-CSP_PTick.Synchronization_Product_Generalized_Commutativity
HOL-CSP_PTick.Synchronization_Product_Generalized_Associativity
HOL-CSP_PTick.Basic_CSP_PTick_Laws
HOL-CSP_PTick.Step_CSP_PTick_Laws_Extended
HOL-CSP_PTick.Read_Write_CSP_PTick_Laws
BirdKMP.HOLCF_ROOT
BirdKMP.Theory_Of_Lists
ZFC_in_HOL.ZFC_Library
ZFC_in_HOL.ZFC_in_HOL
ZFC_in_HOL.ZFC_Cardinals
Sets_Revisited.Universe_Interps
ZFC_in_HOL.Kirby
ZFC_in_HOL.Ordinal_Exp
ZFC_in_HOL.Cantor_NF
Imperative_Insertion_Sort.Imperative_Loops
IOA.Seq
IOA.Sequence
IOA.Traces
IOA.CompoExecs
IOA.CompoScheds
IOA.RefMappings
IOA.RefCorrectness
IOA.Deadlock
IOA.Simulations
IOA.SimCorrectness
IOA.TL
IOA.ShortExecutions
IOA.CompoTraces
IOA.Compositionality
IOA.IOA
IOA.TLS
IOA.LiveIOA
IOA.Abstraction
IOA-Storage.Spec
IOA-Storage.Impl
Isabelle-Solidity.Solidity
Isabelle-Solidity.WP
Isabelle-Solidity.Contract
Isabelle-Solidity.Solidity_Main
IOA-NTP.Spec
IOA-NTP.Abschannel
IOA-NTP.Receiver
IOA-NTP.Sender
IOA-NTP.Impl
ResiduatedTransitionSystem2.RTSConstructions
ResiduatedTransitionSystem2.RTSCategory
ResiduatedTransitionSystem2.ConcreteRTSCategory
ResiduatedTransitionSystem2.RTSCatx
ResiduatedTransitionSystem2.RTSCat
HOL-CSP_RS.Process_Restriction_Space
HOL-CSP_RS.Prefixes_Constructive
HOL-CSP_RS.Synchronization_Product_Non_Destructive
HOL-CSP_RS.Choices_Non_Destructive
HOL-CSP_RS.Hiding_Destructive
HOL-CSP_RS.Sequential_Composition_Non_Destructive
HOL-CSP_RS.Renaming_Non_Destructive
HOL-CSP_RS.Interrupt_Non_Destructive
ROBDD.Array_List
ROBDD.Pointer_Map_Impl
ROBDD.Conc_Impl
ROBDD.Level_Collapse
IOA-ABP.Sender
IOA-ABP.Env
IOA-ABP.Abschannel
IOA-ABP.Abschannel_finite
IOA-ABP.Receiver
IOA-ABP.Impl
IOA-ABP.Impl_finite
HOL-Library.Ramsey
Kruskal.SeprefUF
Kruskal.Kruskal_Misc
Kruskal.Kruskal
Kruskal.Kruskal_Refine
Kruskal.Kruskal_Impl
Worklist_Algorithms.Heap_Hash_Map
Worklist_Algorithms.Worklist_Algorithms_Tracing
Worklist_Algorithms.Next_Key
Optimal_BST.Optimal_BST
Optimal_BST.Optimal_BST2
HOL.NthRoot
HOL-Algebra.Product_Groups
HOL-Algebra.Free_Abelian_Groups
Well_Quasi_Orders.Almost_Full
Well_Quasi_Orders.Minimal_Bad_Sequences
Well_Quasi_Orders.Almost_Full_Relations
Well_Quasi_Orders.Well_Quasi_Orders
Well_Quasi_Orders.Kruskal
Decreasing-Diagrams-II.Decreasing_Diagrams_II_Aux
Category3.ZFC_SetCat
HOL-CSPM.DiningPhilosophers
Nash_Williams.Nash_Extras
Nash_Williams.Nash_Williams
HOL-CSP_OpSem.Initials
HOL-CSP_OpSem.CSP_New_Laws
HOL-CSP_OpSem.After_Operator
HOL-CSP_OpSem.After_Ext_Operator
HOL-CSP_OpSem.After_Trace_Operator
HOL-CSP_RS.After_Operator_Non_Too_Destructive
HOL-CSP_OpSem.Operational_Semantics_Laws
HOL-CSP_OpSem.OpSem_Deadlock_Results
HOL-CSP_RS.Throw_Non_Destructive
HOL.Transcendental
Proof_Terms_Term_Rewriting.Labels_and_Overlaps
HOL.Complex
HOL-CSP_OpSem
HOL-CSP_PTick.After_CSP_PTick_Laws
HOL-CSP_RS.CSP_Restriction_Adm
HOL-CSP_PTick.Operational_Semantics_CSP_PTick_Laws
HOL-CSP_PTick.Synchronization_Product_Generalized_Interpretations
HOL-CSP_PTick.Multi_Sequential_Composition_Generalized
HOL-CSP_PTick.Multi_Synchronization_Product_Generalized
HOL-CSP_PTick.Synchronization_Product_Generalized_Cont
HOL-CSP_PTick.Events_Ticks_CSP_PTick_Laws
HOL-CSP_PTick.Sequential_Composition_Generalized_Cont
HOL-CSP_PTick.CSP_PTick_Monotonicities
Real_Power.RatPower
Real_Power.RealPower
Physical_Quantities.ISQ_Dimensions
Physical_Quantities.ISQ_Quantities
Physical_Quantities.ISQ_Proof
Physical_Quantities.ISQ_Algebra
Physical_Quantities.ISQ_Units
Physical_Quantities.ISQ_Conversion
Physical_Quantities.ISQ
Physical_Quantities.SI_Units
Physical_Quantities.CGS
Physical_Quantities.SI_Constants
Physical_Quantities.SI_Prefix
Physical_Quantities.SI_Derived
Physical_Quantities.SI_Accepted
Physical_Quantities.SI_Imperial
Physical_Quantities.SI
Show.Show_Complex
Polynomial_Interpolation.Missing_Unsorted
Polynomial_Interpolation.Ring_Hom
HOL.MacLaurin
Polynomials.Utils
Birkhoff_Finite_Distributive_Lattices.Birkhoff_Finite_Distributive_Lattices
Ordinal_Partitions.Library_Additions
Groebner_Bases.General
HOL-CSP_RS
HOL-CSP_PTick.CSP_PTick_Deadlock_Results
HOL-CSP_PTick.CSP_PTick_Laws
HOL-CSP_PTick.Synchronization_Product_Generalized_Non_Destructive
HOL-CSP_PTick.Sequential_Composition_Generalized_Non_Destructive
Complex_Main
Cardinality_Continuum.Cardinality_Continuum
ZFC_in_HOL.ZFC_Typeclasses
Groebner_Bases.Code_Target_Rat
Polynomials.Power_Products
Polynomials.PP_Type
Ordinal_Partitions.Partitions
Ordinal_Partitions.Erdos_Milner
Polynomials.MPoly_Type_Class
Polynomials.MPoly_Type_Class_Ordered
Polynomials.OAlist_Poly_Mapping
Groebner_Bases.Reduction
Polynomials.Quasi_PM_Power_Products
Polynomials.Term_Order
Polynomials.MPoly_Type_Class_OAlist
Groebner_Bases.Benchmarks
Groebner_Bases.Groebner_Bases
Groebner_Bases.Algorithm_Schema
Groebner_Bases.Algorithm_Schema_Impl
Groebner_Bases.More_MPoly_Type_Class
Groebner_Bases.Auto_Reduction
Groebner_Bases.Syzygy
Polynomials.MPoly_PM
Groebner_Bases.Reduced_GB
Groebner_Bases.Groebner_PM
Groebner_Bases.Buchberger
HOL-Algebra.Multiplicative_Group
HOL-Algebra.Ring_Divisibility
HOL-Algebra.Subrings
HOL-Algebra.Embedded_Algebras
HOL-Algebra.Polynomials
HOL-Algebra.Polynomial_Divisibility
HOL-Algebra.Indexed_Polynomials
HOL-Algebra.Finite_Extensions
HOL-Algebra.Algebraic_Closure
Polynomials.MPoly_Type_Class_FMap
HOL-Algebra.Generated_Rings
HOL-Algebra.Generated_Fields
HOL-Algebra.Algebra
Oneway2Hiding.Estimation
Randomised_Social_Choice.QSOpt_Exact
Randomised_Social_Choice.Preference_Profile_Cmd
JinjaThreads.Auxiliary
JinjaThreads.Kildall
JinjaThreads.Abstract_BV
JinjaThreads.FWState
JinjaThreads.FWLock
JinjaThreads.FWLocking
JinjaThreads.FWLockingThread
JinjaThreads.FWWait
JinjaThreads.FWThread
JinjaThreads.FWInterrupt
JinjaThreads.Type
JinjaThreads.Decl
JinjaThreads.FWCondAction
JinjaThreads.FWWellform
JinjaThreads.FWLifting
JinjaThreads.FWSemantics
JinjaThreads.FWLiftingSem
JinjaThreads.FWProgressAux
JinjaThreads.FWDeadlock
JinjaThreads.FWProgress
JinjaThreads.TypeRel
JinjaThreads.TypeRelRefine
JinjaThreads.Value
JinjaThreads.Exceptions
JinjaThreads.Heap
JinjaThreads.MM
JinjaThreads.Observable_Events
JinjaThreads.JVMState
JinjaThreads.SystemClasses
JinjaThreads.StartConfig
JinjaThreads.State_Refinement
JinjaThreads.State
JinjaThreads.Conform
JinjaThreads.ConformThreaded
JinjaThreads.SC_Collections
JinjaThreads.ExternalCall
JinjaThreads.WellForm
JinjaThreads.ExternalCallWF
JinjaThreads.SC
JinjaThreads.ExternalCall_Execute
JinjaThreads.BinOp
JinjaThreads.JVMInstructions
JinjaThreads.JVMExceptions
JinjaThreads.JVMHeap
JinjaThreads.PCompiler
JinjaThreads.Expr
JinjaThreads.WWellForm
JinjaThreads.DefAss
JinjaThreads.ToString
JinjaThreads.CallExpr
JinjaThreads.J1State
JinjaThreads.J1Heap
JinjaThreads.Compiler2
JinjaThreads.Compiler1
JinjaThreads.JHeap
JinjaThreads.SmallStep
JinjaThreads.PCompilerRefine
JinjaThreads.JVMExecInstr
JinjaThreads.JVMExec
JinjaThreads.JVMExec_Execute
JinjaThreads.Exception_Tables
JinjaThreads.JVMDefensive
JinjaThreads.JVMThreaded
JinjaThreads.JVM_Main
JinjaThreads.Compiler
JinjaThreads.SemiType
JinjaThreads.JVM_SemiType
JinjaThreads.J1WellType
JinjaThreads.Effect
JinjaThreads.EffectMono
JinjaThreads.BVSpec
JinjaThreads.BVConform
JinjaThreads.TF_JVM
JinjaThreads.BVExec
JinjaThreads.LBVJVM
JinjaThreads.BVSpecTypeSafe
JinjaThreads.BVNoTypeError
JinjaThreads.JVMExec_Execute2
JinjaThreads.BCVExec
JinjaThreads.J1WellForm
JinjaThreads.TypeComp
JinjaThreads.WellType
JinjaThreads.JWellForm
Finite_Fields.Finite_Fields_Preliminary_Results
Finite_Fields.Finite_Fields_Factorization_Ext
Finite_Fields.Ring_Characteristic
Finite_Fields.Formal_Polynomial_Derivatives
Finite_Fields.Monic_Polynomial_Factorization
Finite_Fields.Card_Irreducible_Polynomials_Aux
Finite_Fields.Rabin_Irreducibility_Test
Finite_Fields.Finite_Fields_Poly_Ring_Code
Finite_Fields.Finite_Fields_Mod_Ring_Code
Finite_Fields.Rabin_Irreducibility_Test_Code
Finite_Fields.Finite_Fields_Poly_Factor_Ring_Code
Neural_Networks.TensorFlow_Import
Neural_Networks.Prediction_Utils
Virtual_Substitution.MPolyExtension
Hermite_Lindemann.Complex_Lexorder
Hilbert_Basis.Polynomials_Ring_Misc
Hilbert_Basis.Ring_Misc
HOL-Combinatorics.Multiset_Permutations
HOL-Combinatorics.Combinatorics
Amortized_Complexity.Amortized_Framework0
Amortized_Complexity.Amortized_Framework
Amortized_Complexity.Lemmas_log
Amortized_Complexity.Splay_Tree_Analysis_Base
Amortized_Complexity.Pairing_Heap_List1_Analysis
Amortized_Complexity.Pairing_Heap_Tree_Analysis
HOL-Library.Landau_Symbols
LEM.Lem_num
LEM.Lem_list
LEM.Lem_list_extra
LEM.Lem_sorting
LEM.Lem_string
LEM.Lem_num_extra
LEM.Lem_set_helpers
LEM.Lem_set
LEM.Lem_map
LEM.Lem_relation
LEM.Lem_set_extra
LEM.Lem_word
LEM.Lem_string_extra
LEM.Lem_function_extra
LEM.Lem_either
LEM.Lem_show
LEM.Lem_show_extra
LEM.Lem_machine_word
LEM.Lem_pervasives
LEM.Lem_map_extra
LEM.Lem_pervasives_extra
HOL-Analysis.L2_Norm
HOL-Analysis.Continuum_Not_Denumerable
HOL-Analysis.Abstract_Topology
HOL-Analysis.Sum_Topology
HOL-Analysis.Product_Vector
HOL-Analysis.Inner_Product
HOL-Analysis.Euclidean_Space
HOL-Analysis.Linear_Algebra
HOL-Analysis.Affine
HOL-Analysis.Finite_Cartesian_Product
HOL-Analysis.FSigma
HOL-Analysis.Cartesian_Space
HOL-Analysis.Determinants
HOL-Analysis.Poly_Roots
HOL-Analysis.Operator_Norm
HOL-Analysis.Elementary_Topology
HOL-Analysis.Convex
HOL-Analysis.Abstract_Limits
Groebner_Macaulay.Monomial_Module
Groebner_Macaulay.Degree_Bound_Utils
Groebner_Macaulay.Binomial_Int
Groebner_Macaulay.Degree_Section
Groebner_Macaulay.Dube_Prelims
Groebner_Macaulay.Hilbert_Function
Groebner_Macaulay.Cone_Decomposition
HOL-Library.Liminf_Limsup
Akra_Bazzi.Eval_Numeral
JinjaThreads.DefAssPreservation
JinjaThreads.Threaded
JinjaThreads.WellTypeRT
JinjaThreads.JJ1WellForm
JinjaThreads.Annotate
JinjaThreads.Preprocessor
JinjaThreads.Progress
JinjaThreads.TypeSafe
JinjaThreads.ProgressThreaded
JinjaThreads.Deadlocked
JinjaThreads.J_Main
Countable_Sums_and_Discrete_Distributions.Infinite_Sums_of_Positive_Reals
HOL-IMP.Types
Picks_Theorem.Integral_Matrix
Applicative_Lifting.Applicative_Filter
Applicative_Lifting.Applicative_Probability_List
Applicative_Lifting.Applicative_Vector
First_Welfare_Theorem.Argmax
Pluennecke_Ruzsa_Inequality.Pluennecke_Ruzsa_Inequality
Nullstellensatz.Lex_Order_PP
HOL-Library.Code_Real_Approx_By_Float
Case_Labeling.Conditionals
Case_Labeling.Monadic_Language
CVP_Hardness.Digits_int
Sqrt_Babylonian.Sqrt_Babylonian_Auxiliary
Sqrt_Babylonian.Log_Impl
HOL-Library.Diagonal_Subsequence
HOL-Library.Lattice_Algebras
HOL-Computational_Algebra.Polynomial
HOL-Computational_Algebra.Polynomial_Factorial
HOL-Computational_Algebra.Formal_Power_Series
Hilbert_Basis.Real_Ring_Definition
HOL-Computational_Algebra.Polynomial_FPS
HOL-Computational_Algebra.Formal_Laurent_Series
Nullstellensatz.Univariate_PM
HOL-Computational_Algebra.Fundamental_Theorem_Algebra
HOL-Computational_Algebra.Computational_Algebra
Hermite_Lindemann.Misc_HLW
Nullstellensatz.Algebraically_Closed_Fields
Nullstellensatz.Nullstellensatz
HOL-Computational_Algebra.Field_as_Ring
Groebner_Macaulay.Poly_Fun
Groebner_Macaulay.Dube_Bound
HOL-Types_To_Sets.Linear_Algebra_On_With
HOL-Types_To_Sets.Linear_Algebra_On
Password_Authentication_Protocol.Propaedeutics
HOL-Data_Structures.Sorting
HOL-Data_Structures.Leftist_Heap
HOL-Data_Structures.RBT_Set
HOL-Data_Structures.RBT_Map
HOL-Number_Theory.Fib
HOL-Data_Structures.Brother12_Set
HOL-Data_Structures.AVL_Set
HOL-Number_Theory.Prime_Powers
HOL-Number_Theory.Totient
HOL-Number_Theory.Residues
HOL-Number_Theory.Euler_Criterion
HOL-Number_Theory.Gauss
HOL-Number_Theory.Quadratic_Reciprocity
HOL-Number_Theory.Pocklington
HOL-Number_Theory.Residue_Primitive_Roots
HOL-Number_Theory.Number_Theory
CZH_Foundations.CZH_Introduction
CZH_Foundations.CZH_Sets_Introduction
CZH_Foundations.CZH_Sets_Sets
CZH_Foundations.CZH_Sets_BRelations
CZH_Foundations.CZH_Sets_IF
CZH_Foundations.CZH_Sets_Equipollence
CZH_Foundations.CZH_Sets_Nat
CZH_Foundations.CZH_Sets_Cardinality
CZH_Foundations.CZH_Sets_Ordinals
CZH_Foundations.CZH_Sets_FSequences
CZH_Foundations.CZH_Sets_FBRelations
CZH_Foundations.CZH_Sets_NOP
CZH_Foundations.CZH_Sets_VNHS
CZH_Foundations.CZH_Sets_ZQR
CZH_Foundations.CZH_EX_Replacement
CZH_Foundations.CZH_EX_TS
CZH_Foundations.CZH_EX_Algebra
CZH_Foundations.CZH_DG_Introduction
CZH_Foundations.CZH_DG_Digraph
CZH_Foundations.CZH_DG_Small_Digraph
CZH_Foundations.CZH_DG_DGHM
CZH_Foundations.CZH_DG_GRPH
CZH_Foundations.CZH_DG_Subdigraph
CZH_Foundations.CZH_DG_Small_DGHM
CZH_Foundations.CZH_DG_TDGHM
CZH_Foundations.CZH_DG_Small_TDGHM
CZH_Foundations.CZH_DG_PDigraph
CZH_Foundations.CZH_DG_Simple
CZH_Foundations.CZH_SMC_Introduction
CZH_Foundations.CZH_SMC_Semicategory
CZH_Foundations.CZH_SMC_Small_Semicategory
CZH_Foundations.CZH_SMC_Semifunctor
CZH_Foundations.CZH_SMC_NTSMCF
CZH_Foundations.CZH_SMC_Simple
CZH_Foundations.CZH_DG_SemiCAT
CZH_Foundations.CZH_SMC_Subsemicategory
CZH_Foundations.CZH_SMC_PSemicategory
CZH_Foundations.CZH_SMC_SemiCAT
CZH_Foundations.CZH_SMC_GRPH
CZH_Foundations.CZH_DG_Rel
CZH_Foundations.CZH_DG_Par
CZH_Foundations.CZH_DG_Set
CZH_Foundations.CZH_SMC_Rel
CZH_Foundations.CZH_SMC_Par
CZH_Foundations.CZH_SMC_Set
CZH_Foundations.CZH_SMC_Small_Semifunctor
CZH_Foundations.CZH_SMC_Small_NTSMCF
HOL-Hahn_Banach.Bounds
HOL-Hahn_Banach.Vector_Space
HOL-Hahn_Banach.Linearform
HOL-Hahn_Banach.Subspace
HOL-Hahn_Banach.Function_Order
HOL-Hahn_Banach.Normed_Space
HOL-Hahn_Banach.Function_Norm
HOL-Hahn_Banach.Hahn_Banach_Sup_Lemmas
HOL-Hahn_Banach.Hahn_Banach_Ext_Lemmas
HOL-Hahn_Banach.Hahn_Banach_Lemmas
Differential_Dynamic_Logic.Ids
Differential_Dynamic_Logic.Syntax
Fermat3_4.Quad_Form
HOL-Library.Log_Nat
Sturm_Tarski.PolyMisc
Sturm_Tarski.Sturm_Tarski
Featherweight_OCL.UML_Types
Featherweight_OCL.UML_Logic
Featherweight_OCL.UML_Tools
Featherweight_OCL.UML_PropertyProfiles
Featherweight_OCL.UML_String
Featherweight_OCL.UML_Real
Featherweight_OCL.UML_Boolean
Featherweight_OCL.UML_Integer
Featherweight_OCL.UML_Sequence
Featherweight_OCL.UML_Void
Featherweight_OCL.UML_Bag
Featherweight_OCL.UML_Set
Featherweight_OCL.UML_Pair
Featherweight_OCL.UML_Library
Featherweight_OCL.UML_State
Featherweight_OCL.UML_Contracts
Featherweight_OCL.UML_Main
MDP-Algorithms.Code_Real_Approx_By_Float_Fix
Discrete_Summation.Factorials
Discrete_Summation.Summation_Conversion
Gauss_Jordan.Code_Matrix
Three_Squares.Quadratic_Forms
Three_Squares.Residues_Properties
ZFC_in_HOL.General_Cardinals
HOL-Library.Float
Sumcheck_Protocol.Abstract_Multivariate_Polynomials
Sumcheck_Protocol.Univariate_Roots_Bound
Chebyshev_Polynomials.Polynomial_Transfer
Chebyshev_Polynomials.Chebyshev_Polynomials_Library
Diophantine_Universal_Pairs.Pell_Equation
Diophantine_Universal_Pairs.Lemma_2_2
Diophantine_Universal_Pairs.Masking
Diophantine_Universal_Pairs.Algebra_Basics
Diophantine_Universal_Pairs.DFI_square_0
Diophantine_Universal_Pairs.DFI_square_1
Diophantine_Universal_Pairs.DFI_square_2
Diophantine_Universal_Pairs.DFI_square_3
Diophantine_Universal_Pairs.Notation
Diophantine_Universal_Pairs.Degree
Diophantine_Universal_Pairs.Variables
Diophantine_Universal_Pairs.Total_Degree
Diophantine_Universal_Pairs.Poly_Expansions
Diophantine_Universal_Pairs.Substitutions
Diophantine_Universal_Pairs.Type_Casting
Diophantine_Universal_Pairs.More_More_MPoly_Type
Diophantine_Universal_Pairs.Poly_Extract
Diophantine_Universal_Pairs.Diophantine_Definition
Diophantine_Universal_Pairs.J3_Polynomial
Diophantine_Universal_Pairs.J3_Relations
Diophantine_Universal_Pairs.Pi_Relations
Diophantine_Universal_Pairs.Suitable_For_Coding
Diophantine_Universal_Pairs.Lemma_1_8_Defs
Diophantine_Universal_Pairs.Lemma_1_8_Coding
Diophantine_Universal_Pairs.Lemma_1_8
Diophantine_Universal_Pairs.Total_Degree_Env
Diophantine_Universal_Pairs.Poly_Degree
Diophantine_Universal_Pairs.Coding_Theorem_Definitions
Diophantine_Universal_Pairs.Coding_Theorem
Diophantine_Universal_Pairs.Lower_Bounds
Diophantine_Universal_Pairs.Bridge_Theorem_Imp
Diophantine_Universal_Pairs.Bridge_Theorem_Rev
Diophantine_Universal_Pairs.Bridge_Theorem
Signature_Groebner.Prelims
Signature_Groebner.More_MPoly
Signature_Groebner.Signature_Groebner
HOL-Library.Sum_of_Squares
HOL-Analysis.Norm_Arith
Crypto_Standards.More_Residues
Crypto_Standards.Words
Crypto_Standards.PKCS1v2_2
Crypto_Standards.Efficient_Mod_Exp
Crypto_Standards.FIPS180_4
Crypto_Standards.PKCS1v2_2_Interpretations
Crypto_Standards.FIPS198_1
DPRM_Theorem.Exponentiation
DPRM_Theorem.Alpha_Sequence
DPRM_Theorem.Exponential_Relation
DPRM_Theorem.Digit_Function
DPRM_Theorem.Binomial_Coefficient
Knot_Theory.Kauffman_Matrix
Knot_Theory.Computations
Knot_Theory.Linkrel_Kauffman
Knot_Theory.Kauffman_Invariance
HOL-Decision_Procs.Rat_Pair
HOL-Decision_Procs.Ferrack
HOL-Decision_Procs.Cooper
HOL-Decision_Procs.MIR
HOL-Decision_Procs.Polynomial_List
HOL-Decision_Procs.Reflected_Multivariate_Polynomial
HOL-Decision_Procs.Parametric_Ferrante_Rackoff
Linear_Recurrences.Pochhammer_Polynomials
Linear_Recurrences.Eulerian_Polynomials
Linear_Recurrences.RatFPS
Linear_Recurrences.Linear_Recurrences_Misc
Linear_Recurrences.Partial_Fraction_Decomposition
Linear_Recurrences.Linear_Recurrences_Common
Linear_Recurrences.Factorizations
Linear_Recurrences.Rational_FPS_Solver
Linear_Recurrences.Linear_Homogenous_Recurrences
Linear_Recurrences.Linear_Inhomogenous_Recurrences
HOL-Real_Asymp.Eventuallize
HOL-Real_Asymp.Lazy_Eval
HOL-Real_Asymp.Multiseries_Expansion
HOL-Real_Asymp.Multiseries_Expansion_Bounds
HOL-Real_Asymp.Real_Asymp
GyrovectorSpaces.HyperbolicFunctions
GyrovectorSpaces.MoreComplex
GyrovectorSpaces.VectorSpace
GyrovectorSpaces.GammaFactor
GyrovectorSpaces.PoincareDisc
GyrovectorSpaces.More_Real_Vector
GyrovectorSpaces.GyroVectorSpace
GyrovectorSpaces.GyroVectorSpaceIsomorphism
GyrovectorSpaces.Gyrotrigonometry
GyrovectorSpaces.MobiusGyroGroup
GyrovectorSpaces.MobiusGyroVectorSpace
GyrovectorSpaces.MobiusGeometry
Frequency_Moments.Landau_Ext
HOL-Library.Order_Continuity
Interpolation_Polynomials_HOL_Algebra.Bounded_Degree_Polynomials
Interpolation_Polynomials_HOL_Algebra.Lagrange_Interpolation
Interpolation_Polynomials_HOL_Algebra.Interpolation_Polynomial_Cardinalities
Integration.MonConv
Integration.Measure
Integration.RealRandVar
Balog_Szemeredi_Gowers.Additive_Combinatorics_Preliminaries
Balog_Szemeredi_Gowers.Sumset_Triangle_Inequality
Lucas_Theorem.Lucas_Theorem
DPRM_Theorem.Binary_Orthogonal
DPRM_Theorem.Binary_Masking
DPRM_Theorem.Binary_And
DPRM_Theorem.Register_Equations
DPRM_Theorem.RM_Sums_Diophantine
DPRM_Theorem.MachineMasking
DPRM_Theorem.MachineEquations
DPRM_Theorem.Constants_Equations
DPRM_Theorem.CommutationRelations
DPRM_Theorem.MultipleToSingleSteps
DPRM_Theorem.State_0_Equation
DPRM_Theorem.State_d_Equation
DPRM_Theorem.State_Unique_Equations
DPRM_Theorem.All_State_Equations
DPRM_Theorem.Mask_Equations
DPRM_Theorem.All_Equations_Invariance
DPRM_Theorem.All_Equations
DPRM_Theorem.Machine_Equation_Equivalence
Combinatorial_Enumeration_Algorithms.n_Subsets
Combinatorial_Enumeration_Algorithms.Derangements_Enum
Combinatorial_Enumeration_Algorithms.Weak_Integer_Compositions
Berlekamp_Zassenhaus.Code_Abort_Gcd
Finitely_Generated_Abelian_Groups.Set_Multiplication
Finitely_Generated_Abelian_Groups.General_Auxiliary
Finitely_Generated_Abelian_Groups.Miscellaneous_Groups
Finitely_Generated_Abelian_Groups.Generated_Groups_Extend
Finitely_Generated_Abelian_Groups.IDirProds
Finitely_Generated_Abelian_Groups.Finite_Product_Extend
Finitely_Generated_Abelian_Groups.Group_Relations
Finitely_Generated_Abelian_Groups.Group_Hom
Finitely_Generated_Abelian_Groups.Finite_And_Cyclic_Groups
Finitely_Generated_Abelian_Groups.DirProds
Finitely_Generated_Abelian_Groups.Finitely_Generated_Abelian_Groups
HOL-Library.Discrete_Functions
Types_To_Sets_Extension.SML_Rings
Types_To_Sets_Extension.SML_Simple_Orders
Types_To_Sets_Extension.SML_Semilattices
Types_To_Sets_Extension.SML_Linorders
Types_To_Sets_Extension.SML_Lattices
Types_To_Sets_Extension.SML_Complete_Lattices
Types_To_Sets_Extension.SML_Topological_Space
Types_To_Sets_Extension.SML_Ordered_Topological_Spaces
Types_To_Sets_Extension.SML_Topological_Space_Countability
Types_To_Sets_Extension.SML_Product_Topology
Types_To_Sets_Extension.VS_Modules
Types_To_Sets_Extension.VS_Vector_Spaces
Differential_Game_Logic.Lib
Differential_Game_Logic.Identifiers
Differential_Game_Logic.Syntax
Differential_Game_Logic.Ids
Fourier.Confine
Sigma_Commit_Crypto.Number_Theory_Aux
Query_Optimization.Selectivities
Query_Optimization.JoinTree
Query_Optimization.CostFunctions
Taylor_Models.Polynomial_Expression
Sturm_Sequences.Misc_Polynomial
Sturm_Sequences.Sturm_Library
Sturm_Sequences.Sturm_Theorem
Sturm_Sequences.Sturm_Method
Sturm_Sequences.Sturm
Gauss_Sums.Periodic_Arithmetic
Padic_Ints.Padic_Construction
Padic_Ints.Cring_Poly
Padic_Ints.Supplementary_Ring_Facts
Padic_Field.Fraction_Field
Padic_Field.Cring_Multivariable_Poly
Comparison_Sort_Lower_Bound.Linorder_Relations
Dijkstra_Shortest_Path.Weight
Dijkstra_Shortest_Path.Dijkstra
Dijkstra_Shortest_Path.Dijkstra_Impl_Adet
Dijkstra_Shortest_Path.Test
Show.Show_Poly
CakeML.Namespace
HOL-Library.Quadratic_Discriminant
Polynomial_Interpolation.Neville_Aitken_Interpolation
Polynomial_Interpolation.Improved_Code_Equations
Polynomial_Interpolation.Missing_Polynomial
Polynomial_Interpolation.Ring_Hom_Poly
Polynomial_Interpolation.Lagrange_Interpolation
Polynomial_Interpolation.Is_Rat_To_Rat
Polynomial_Interpolation.Newton_Interpolation
Polynomial_Interpolation.Polynomial_Interpolation
Koenigsberg_Friendship.MoreGraph
HOL-Library.Nonpos_Ints
Subresultants.Dichotomous_Lazard
Subresultants.Coeff_Int
Van_der_Waerden.Digits
HOL-Matrix_LP.ComputeFloat
HOL-Matrix_LP.Matrix
HOL-Matrix_LP.SparseMatrix
HOL-Matrix_LP.LP
HOL-Matrix_LP.ComputeHOL
HOL-Matrix_LP.ComputeNumeral
IEEE_Floating_Point.IEEE
IEEE_Floating_Point.IEEE_Properties
IEEE_Floating_Point.Conversion_IEEE_Float
IEEE_Floating_Point.IEEE_Single_NaN
IEEE_Floating_Point.FP64
List_Update.Bit_Strings
List_Update.On_Off
Dynamic_Tables.Tables_real
Hoare_Time.Nielson_Sqrt
UTP-Toolkit.utp_toolkit
Refine_Imperative_HOL.Sepref_Dijkstra
HOL-Library.Complex_Order
Complex_Bounded_Operators.Extra_Ordered_Fields
Complex_Bounded_Operators.Complex_Vector_Spaces0
Special_Function_Bounds.Bounds_Lemmas
HOL-Library.Indicator_Function
HOL-Library.Real_Mod
Dirichlet_L.Multiplicative_Characters
Containers.Set_Impl
Containers.Mapping_Impl
Containers.Map_To_Mapping
Containers.Containers
Containers.Containers_DFS_Ex
Berlekamp_Zassenhaus.Karatsuba_Multiplication
Berlekamp_Zassenhaus.Finite_Field
Berlekamp_Zassenhaus.Polynomial_Record_Based
Berlekamp_Zassenhaus.Finite_Field_Record_Based
Berlekamp_Zassenhaus.Degree_Bound
HOL-Library.Going_To_Filter
HOL-Library.Periodic_Fun
Symmetric_Polynomials.Vieta
Symmetric_Polynomials.Symmetric_Polynomials
RSAPSS.Cryptinverts
Rankings.Rankings
Rankings.Topological_Sortings_Rankings
Karatsuba_Sqrt.Karatsuba_Sqrt_Library
Karatsuba_Sqrt.Karatsuba_Sqrt
Budan_Fourier.BF_Misc
Budan_Fourier.Sturm_Multiple_Roots
Budan_Fourier.Budan_Fourier
Swap_Distance.Swap_Distance
HOL-Library.Code_Target_Numeral_Float
Probabilistic_Prime_Tests.Algebraic_Auxiliaries
Probabilistic_Prime_Tests.Residues_Nat
Probabilistic_Prime_Tests.Legendre_Symbol
Probabilistic_Prime_Tests.Jacobi_Symbol
Probabilistic_Prime_Tests.QuadRes
Probabilistic_Prime_Tests.Euler_Witness
Probabilistic_Prime_Tests.Carmichael_Numbers
Probabilistic_Prime_Tests.Fermat_Witness
SWF_Impossibility.SWF_Impossibility_Library
SWF_Impossibility.Social_Welfare_Functions
SWF_Impossibility.SWF_Anonymous
SWF_Impossibility.SWF_Explicit
SWF_Impossibility.SWF_Lowering
SWF_Impossibility.SWF_Impossibility_Automation
Computational_pAdics.Polynomial_Extras
Computational_pAdics.Parametric_Equiv_Depth
Computational_pAdics.FLS_Prime_Equiv_Depth
Formal_Puiseux_Series.Puiseux_Polynomial_Library
Formal_Puiseux_Series.FPS_Hensel
Polynomial_Crit_Geometry.Polynomial_Crit_Geometry_Library
Polynomial_Factorization.Dvd_Int_Poly
Polynomial_Factorization.Polynomial_Irreducibility
Berlekamp_Zassenhaus.Chinese_Remainder_Poly
Berlekamp_Zassenhaus.Unique_Factorization
Polynomial_Factorization.Order_Polynomial
Polynomial_Factorization.Fundamental_Theorem_Algebra_Factorized
Polynomial_Factorization.Square_Free_Factorization
Polynomial_Factorization.Missing_Polynomial_Factorial
Polynomial_Factorization.Gauss_Lemma
Polynomial_Factorization.Kronecker_Factorization
Polynomial_Factorization.Gcd_Rat_Poly
Polynomial_Factorization.Rational_Root_Test
Karatsuba.Karatsuba_Preliminaries
Karatsuba.Karatsuba_Sum_Lemmas
Karatsuba.Monoid_Sums
Karatsuba.Nat_LSBF
Karatsuba.Int_LSBF
Karatsuba.Karatsuba
CZH_Elementary_Categories.CZH_ECAT_Introduction
CZH_Elementary_Categories.CZH_ECAT_Category
CZH_Elementary_Categories.CZH_ECAT_Small_Category
CZH_Elementary_Categories.CZH_ECAT_Functor
CZH_Elementary_Categories.CZH_ECAT_NTCF
CZH_Elementary_Categories.CZH_ECAT_PCategory
CZH_Elementary_Categories.CZH_ECAT_GRPH
CZH_Elementary_Categories.CZH_ECAT_Rel
CZH_Elementary_Categories.CZH_ECAT_Small_Functor
CZH_Elementary_Categories.CZH_ECAT_SS
CZH_Elementary_Categories.CZH_ECAT_Small_NTCF
CZH_Elementary_Categories.CZH_DG_FUNCT
CZH_Elementary_Categories.CZH_ECAT_Parallel
CZH_Elementary_Categories.CZH_SMC_FUNCT
CZH_Elementary_Categories.CZH_DG_CAT
CZH_Elementary_Categories.CZH_ECAT_Order
CZH_Elementary_Categories.CZH_ECAT_Small_Order
CZH_Elementary_Categories.CZH_ECAT_Ordinal
CZH_Elementary_Categories.CZH_ECAT_Subcategory
CZH_Elementary_Categories.CZH_ECAT_FUNCT
CZH_Elementary_Categories.CZH_ECAT_Simple
CZH_Elementary_Categories.CZH_SMC_CAT
CZH_Elementary_Categories.CZH_ECAT_CAT
CZH_Elementary_Categories.CZH_ECAT_SemiCAT
CZH_Elementary_Categories.CZH_ECAT_Discrete
CZH_Elementary_Categories.CZH_ECAT_Comma
CZH_Elementary_Categories.CZH_ECAT_Par
CZH_Elementary_Categories.CZH_ECAT_Set
CZH_Elementary_Categories.CZH_ECAT_Hom
CZH_Elementary_Categories.CZH_ECAT_Yoneda
CZH_Elementary_Categories.CZH_ECAT_Cone
CZH_Elementary_Categories.CZH_ECAT_Small_Cone
CZH_Elementary_Categories.CZH_ECAT_CSimplicial
Jordan_Normal_Form.Conjugate
Jordan_Normal_Form.Matrix
Jordan_Normal_Form.Matrix_Comparison
Jordan_Normal_Form.Strassen_Algorithm
Jordan_Normal_Form.Show_Matrix
Jordan_Normal_Form.Shows_Literal_Matrix
Jordan_Normal_Form.Gauss_Jordan_Elimination
Jordan_Normal_Form.DL_Submatrix
Jordan_Normal_Form.Ring_Hom_Matrix
Jordan_Normal_Form.Matrix_IArray_Impl
Jordan_Normal_Form.Gauss_Jordan_IArray_Impl
Berlekamp_Zassenhaus.Matrix_Record_Based
Jordan_Normal_Form.Complexity_Carrier
Jordan_Normal_Form.Column_Operations
Jordan_Normal_Form.Determinant
Jordan_Normal_Form.Char_Poly
Jordan_Normal_Form.VS_Connect
Subresultants.More_Homomorphisms
Berlekamp_Zassenhaus.Unique_Factorization_Poly
Jordan_Normal_Form.Jordan_Normal_Form
Jordan_Normal_Form.Determinant_Impl
Jordan_Normal_Form.Matrix_Kernel
Jordan_Normal_Form.Jordan_Normal_Form_Uniqueness
Berlekamp_Zassenhaus.Poly_Mod
Subresultants.Resultant_Prelim
Subresultants.Subresultant
Subresultants.Subresultant_Gcd
Jordan_Normal_Form.DL_Rank
Jordan_Normal_Form.DL_Rank_Submatrix
Jordan_Normal_Form.Gram_Schmidt
Jordan_Normal_Form.Schur_Decomposition
Jordan_Normal_Form.Jordan_Normal_Form_Existence
Complex_Bounded_Operators.Extra_Jordan_Normal_Form
Jordan_Normal_Form.Matrix_Impl
Jordan_Normal_Form.Spectral_Radius
Berlekamp_Zassenhaus.Poly_Mod_Finite_Field
Berlekamp_Zassenhaus.Poly_Mod_Finite_Field_Record_Based
Berlekamp_Zassenhaus.Hensel_Lifting
Berlekamp_Zassenhaus.Berlekamp_Type_Based
Berlekamp_Zassenhaus.Distinct_Degree_Factorization
Berlekamp_Zassenhaus.Finite_Field_Factorization
Berlekamp_Zassenhaus.Finite_Field_Factorization_Record_Based
Berlekamp_Zassenhaus.Berlekamp_Hensel
Vickrey_Clarke_Groves.MiscTools
Vickrey_Clarke_Groves.StrictCombinatorialAuction
Vickrey_Clarke_Groves.Universes
Vickrey_Clarke_Groves.UniformTieBreaking
Vickrey_Clarke_Groves.CombinatorialAuction
Boustrophedon_Transform.Boustrophedon_Transform_Library
Boustrophedon_Transform.Alternating_Permutations
Boustrophedon_Transform.Boustrophedon_Transform
Linear_Diophantine_Preprocessor.Equality_Detection_Theory
Linear_Diophantine_Preprocessor.Equality_Detection_Impl
Linear_Diophantine_Preprocessor.Linear_Diophantine_Eq_Finder
Linear_Diophantine_Preprocessor.Dio_Preprocessor
Linear_Inequalities.Missing_Matrix
Linear_Inequalities.Missing_VS_Connect
Linear_Inequalities.Dim_Span
Linear_Inequalities.Sum_Vec_Set
Descartes_Sign_Rule.Descartes_Sign_Rule
Jordan_Hoelder.MaximalNormalSubgroups
Jordan_Hoelder.CompositionSeries
Elliptic_Curves_Group_Law.Elliptic_Test
Compressed_Oracles.Aux_Sturm_Calculation
Complex_Geometry.More_Transcendental
Complex_Geometry.Canonical_Angle
Complex_Geometry.More_Complex
Complex_Geometry.Quadratic
Complex_Geometry.Matrices
Complex_Geometry.Homogeneous_Coordinates
Complex_Geometry.Unitary11_Matrices
Complex_Geometry.Angles
Complex_Geometry.Elementary_Complex_Geometry
Complex_Geometry.Moebius
Complex_Geometry.Unitary_Matrices
Complex_Geometry.Hermitean_Matrices
Complex_Geometry.Circlines
Complex_Geometry.Riemann_Sphere
Complex_Geometry.Oriented_Circlines
Complex_Geometry.Circlines_Angle
Complex_Geometry.Unit_Circle_Preserving_Moebius
CVP_Hardness.Subset_Sum
HOL-Library.Interval
Algebraic_Numbers.Algebraic_Numbers_Prelim
Algebraic_Numbers.Compare_Complex
Algebraic_Numbers.Interval_Arithmetic
Algebraic_Numbers.Bivariate_Polynomials
Algebraic_Numbers.Resultant
Algebraic_Numbers.Min_Int_Poly
Algebraic_Numbers.Algebraic_Numbers
Prime_Harmonic_Series.Prime_Harmonic_Misc
Prime_Harmonic_Series.Squarefree_Nat
Perron_Frobenius.Hom_Gauss_Jordan
Perron_Frobenius.Roots_Unity
HOL-Library.Extended_Nat
Hoare_Time.Quant_Hoare
Hoare_Time.Quant_VCG
Hoare_Time.Discussion
Hoare_Time.QuantK_Hoare
Hoare_Time.QuantK_VCG
Hoare_Time.QuantK_Sqrt
Hoare_Time.DiscussionO
Nagata-Factoriality.Localization_Interface
Nagata-Factoriality.Nagata_Lemmas
Nagata-Factoriality.Polynomial_Applications
Nagata-Factoriality.Fraction_Field_Applications
Kneser_Cauchy_Davenport.Kneser_Cauchy_Davenport_preliminaries
MFODL_Monitor_Optimized.Regex
MFODL_Monitor_Optimized.Code_Double
MFODL_Monitor_Optimized.Event_Data
HOL-Nonstandard_Analysis.HyperDef
Lehmer.Lehmer
Perfect_Fields.Perfect_Fields
Mersenne_Primes.Lucas_Lehmer_Auxiliary
Fishers_Inequality.Set_Multiset_Extras
Fishers_Inequality.Design_Extras
Simplicial_complexes_and_boolean_functions.Boolean_functions
Simplicial_complexes_and_boolean_functions.Simplicial_complex
Simplicial_complexes_and_boolean_functions.Bij_betw_simplicial_complex_bool_func
Simplicial_complexes_and_boolean_functions.Evasive
Linear_Recurrences_Solver.Linear_Recurrences_Pretty
Linear_Recurrences_Solver.Show_RatFPS
Regular_Tree_Relations.Tree_Automata_Class_Instances_Impl
Regular_Tree_Relations.Tree_Automata_Impl
Regular_Tree_Relations.Regular_Relation_Impl
HOL-Library.Infinite_Typeclass
Deep_Learning.DL_Concrete_Matrices
Deep_Learning.DL_Flatten_Matrix
Deep_Learning.DL_Network
Deep_Learning.DL_Shallow_Model
Deep_Learning.Tensor_Matricization
Deep_Learning.DL_Deep_Model
Deep_Learning.DL_Deep_Model_Poly
Deep_Learning.DL_Rank_CP_Rank
Taylor_Models.Horner_Eval
Modular_arithmetic_LLL_and_HNF_algorithms.Signed_Modulo
LTL.Rewriting
Multi_Party_Computation.Number_Theory_Aux
Bernoulli.Bernoulli
Bernoulli.Periodic_Bernpoly
Bernoulli.Bernoulli_FPS
Boustrophedon_Transform.Tangent_Numbers
Boustrophedon_Transform.Secant_Numbers
Boustrophedon_Transform.Boustrophedon_Transform_Impl
Boustrophedon_Transform.Euler_Numbers
Boustrophedon_Transform.Tangent_Numbers_Imperative
Boustrophedon_Transform.Secant_Numbers_Imperative
PAC_Checker.PAC_More_Poly
PAC_Checker.PAC_Specification
PAC_Checker.PAC_Checker_Specification
PAC_Checker.PAC_Polynomials
PAC_Checker.PAC_Polynomials_Term
PAC_Checker.PAC_Polynomials_Operations
PAC_Checker.PAC_Checker
PAC_Checker.PAC_Checker_Relation
PAC_Checker.PAC_Checker_Init
PAC_Checker.PAC_Checker_Synthesis
Kruskal.Graph_Definition
Kruskal.Graph_Definition_Aux
Gaussian_Integers.Gaussian_Integers
Gaussian_Integers.Gaussian_Integers_Sums_Of_Two_Squares
Gaussian_Integers.Gaussian_Integers_Pythagorean_Triples
Dirichlet_Series.Dirichlet_Misc
Dirichlet_Series.Multiplicative_Function
Dirichlet_Series.Dirichlet_Product
Dirichlet_Series.Dirichlet_Series
Dirichlet_Series.Moebius_Mu
Dirichlet_Series.More_Totient
Dirichlet_Series.Divisor_Count
Dirichlet_Series.Liouville_Lambda
Dirichlet_Series.Arithmetic_Summatory
Dirichlet_L.Dirichlet_Characters
Mason_Stothers.Mason_Stothers
Liouville_Numbers.Liouville_Numbers_Misc
Weighted_Arithmetic_Geometric_Mean.Weighted_Arithmetic_Geometric_Mean
PAPP_Impossibility.Anonymous_PAPP
PAPP_Impossibility.Anonymous_PAPP_Lowering
PAPP_Impossibility.PAPP_Impossibility_Base_Case
LinearQuantifierElim.LinArith
LinearQuantifierElim.DLO
LinearQuantifierElim.QEdlo
LinearQuantifierElim.QElin
Neural_Networks.Prediction_Utils_Matrix
Neural_Networks.Matrix_Utils
Lie_Groups.Algebra_On
Lie_Groups.Groups_On_With
Combinatorial_Q_Analogues.Primitive_Roots
Schoenhage_Strassen.Schoenhage_Strassen_Preliminaries
Schoenhage_Strassen.Schoenhage_Strassen_Ring_Lemmas
HOL-Library.Tree_Real
Sturm_Tarski.Pseudo_Remainder_Sequence
Power_Sum_Polynomials.Power_Sum_Polynomials_Library
Power_Sum_Polynomials.Power_Sum_Polynomials
Fishburn_Impossibility.Social_Choice_Functions
HOLCF-Library.Stream
Grothendieck_Schemes.Topological_Space
Grothendieck_Schemes.Comm_Ring
HOL-Algebra.Algebraic_Closure_Type
Polynomials.MPoly_Type_Univariate
Sum_Of_Squares_Count.Sum_Of_Squares_Count
Landau_Symbols.Landau_Real_Products
Landau_Symbols.Landau_Simprocs
Landau_Symbols.Landau_More
CoreC++.Auxiliary
CoreC++.Type
CoreC++.Value
CoreC++.Expr
CoreC++.Decl
CoreC++.ClassRel
CoreC++.SubObj
CoreC++.Objects
CoreC++.Exceptions
CoreC++.State
CoreC++.Syntax
CoreC++.BigStep
CoreC++.SmallStep
CoreC++.DefAss
CoreC++.SystemClasses
CoreC++.TypeRel
CoreC++.WellType
CoreC++.WellTypeRT
CoreC++.Execute
CoreC++.WellForm
CoreC++.Conform
CoreC++.Annotate
CoreC++.WWellForm
CoreC++.CWellForm
CoreC++.Equivalence
CoreC++.Progress
CoreC++.HeapExtension
CoreC++.TypeSafe
CoreC++.Determinism
Flow_Networks.Fofu_Abs_Base
Flow_Networks.Fofu_Impl_Base
Flow_Networks.Refine_Add_Fofu
Flow_Networks.Graph_Impl
Flow_Networks.NetCheck
Flow_Networks.Network_Impl
HOL-TPTP.TPTP_Interpret
Cauchy.CauchysMeanTheorem
Graph_Algorithms.Enat_Misc
Graph_Algorithms.Dist
Interval_Arithmetic_Word32.Interval_Word32
Prpu_Maxflow.Generic_Push_Relabel
Prpu_Maxflow.Fifo_Push_Relabel
Prpu_Maxflow.Prpu_Common_Inst
Prpu_Maxflow.Relabel_To_Front
Prpu_Maxflow.Prpu_Common_Impl
Prpu_Maxflow.Fifo_Push_Relabel_Impl
Prpu_Maxflow.Relabel_To_Front_Impl
Interval_Analysis.Affine_Functions
Sumcheck_Protocol.Roots_Bounds
Pell.Pell
Pell.Efficient_Discrete_Sqrt
Pell.Pell_Algorithm
Mersenne_Primes.Lucas_Lehmer
Padic_Ints.Extended_Int
Padic_Ints.Padic_Integers
Padic_Ints.Padic_Int_Topology
Padic_Ints.Padic_Int_Polynomials
Padic_Ints.Hensels_Lemma
Elimination_Of_Repeated_Factors.ERF_Library
Elimination_Of_Repeated_Factors.ERF_Code_Fixes
Elimination_Of_Repeated_Factors.ERF_Perfect_Field_Factorization
Elimination_Of_Repeated_Factors.ERF_Algorithm
Affine_Arithmetic.Optimize_Integer
Affine_Arithmetic.Optimize_Float
Affine_Arithmetic.Float_Real
Q0_Metatheory.Boolean_Algebra
Q0_Metatheory.Propositional_Wff
Q0_Metatheory.Semantics
Q0_Metatheory.Elementary_Logic
Q0_Metatheory.Soundness
Pratt_Certificate.Pratt_Certificate
Pratt_Certificate.Pratt_Certificate_Code
Padic_Field.Padic_Fields
Padic_Field.Padic_Field_Topology
Padic_Field.Padic_Field_Polynomials
Padic_Field.Ring_Powers
Padic_Field.Padic_Field_Powers
Falling_Factorial_Sum.Falling_Factorial_Sum_Combinatorics
Weak_Spectroscopy.Energy
Weak_Spectroscopy.Spectroscopy_Game
Weak_Spectroscopy.Expressiveness_Price
Weak_Spectroscopy.Eta_Bisimilarity
Weak_Spectroscopy.Distinction_Implies_Winning_Budgets
Weak_Spectroscopy.Strategy_Formulas
HOL-CSP_PTick
Orient_Rewrite_Rule_Undecidable.Preliminaries_on_Polynomials_1
Orient_Rewrite_Rule_Undecidable.Polynomial_Interpretation
Orient_Rewrite_Rule_Undecidable.Hilbert10_to_Inequality
Orient_Rewrite_Rule_Undecidable.Linear_Poly_Termination_Undecidable
Sqrt_Babylonian.NthRoot_Impl
Sqrt_Babylonian.Sqrt_Babylonian
Safe_OCL.Object_Model
Safe_OCL.OCL_Syntax
Safe_OCL.OCL_Object_Model
Safe_OCL.OCL_Typing
Safe_OCL.OCL_Normalization
Median_Of_Medians_Selection.Median_Of_Medians_Selection
HOL-Library.Extended_Real
Eval_FO.Mapping_Code
Eval_FO.Cluster
Eval_FO.Eval_FO
Eval_FO.Ailamazyan
HOL-Library.Lub_Glb
Verified_SAT_Based_AI_Planning.Set2_Join_RBT
HOL-Library.OptionalSugar
Metalogic_ProofChecker.Preliminaries
Metalogic_ProofChecker.Term
Metalogic_ProofChecker.Sorts
Metalogic_ProofChecker.SortConstants
Metalogic_ProofChecker.Theory
Metalogic_ProofChecker.Term_Subst
Metalogic_ProofChecker.BetaNorm
Metalogic_ProofChecker.EtaNorm
Metalogic_ProofChecker.BetaNormProof
Metalogic_ProofChecker.EtaNormProof
Metalogic_ProofChecker.Instances
Metalogic_ProofChecker.SortsExe
Metalogic_ProofChecker.TheoryExe
Metalogic_ProofChecker.Name
Metalogic_ProofChecker.Logic
Metalogic_ProofChecker.EqualityProof
Metalogic_ProofChecker.ProofTerm
Metalogic_ProofChecker.CheckerExe
Balog_Szemeredi_Gowers.Miscellaneous_Lemmas
Sophie_Germain.SG_Preliminaries
Sophie_Germain.FLT_Sufficient_Conditions
Sophie_Germain.SG_Theorem
Factor_Algebraic_Polynomial.Is_Int_To_Int
Factor_Algebraic_Polynomial.MPoly_Container
Factor_Algebraic_Polynomial.Roots_via_IA
CRYSTALS-Kyber.Kyber_spec
CRYSTALS-Kyber.Mod_Ring_Numeral
CRYSTALS-Kyber.Mod_Plus_Minus
CRYSTALS-Kyber.Abs_Qr
CRYSTALS-Kyber.Compress
CRYSTALS-Kyber.Crypto_Scheme
CRYSTALS-Kyber.Kyber_Values
CRYSTALS-Kyber.Powers3844
Virtual_Substitution.ExecutiblePolyProps
Virtual_Substitution.PolyAtoms
Virtual_Substitution.Debruijn
Virtual_Substitution.QE
Virtual_Substitution.UniAtoms
Virtual_Substitution.PrettyPrinting
Virtual_Substitution.Reindex
Virtual_Substitution.Optimizations
Virtual_Substitution.OptimizationProofs
Virtual_Substitution.VSAlgos
Virtual_Substitution.LinearCase
Virtual_Substitution.QuadraticCase
Virtual_Substitution.EliminateVariable
Virtual_Substitution.DNF
Virtual_Substitution.LuckyFind
Virtual_Substitution.EqualityVS
Virtual_Substitution.NegInfinity
Virtual_Substitution.Infinitesimals
Virtual_Substitution.NegInfinityUni
Virtual_Substitution.InfinitesimalsUni
Virtual_Substitution.DNFUni
Virtual_Substitution.GeneralVSProofs
Virtual_Substitution.VSQuad
Virtual_Substitution.Heuristic
Virtual_Substitution.HeuristicProofs
Virtual_Substitution.Exports
Virtual_Substitution.ExportProofs
Number_Theoretic_Transform.Preliminary_Lemmas
Number_Theoretic_Transform.NTT
CRYSTALS-Kyber.NTT_Scheme
Number_Theoretic_Transform.Butterfly
Generalized_Cauchy_Davenport.Generalized_Cauchy_Davenport_preliminaries
EdmondsKarp_Maxflow.FordFulkerson_Algo
EdmondsKarp_Maxflow.EdmondsKarp_Algo
EdmondsKarp_Maxflow.Augmenting_Path_BFS
EdmondsKarp_Maxflow.EdmondsKarp_Impl
EdmondsKarp_Maxflow.Edka_Checked_Impl
Groebner_Bases.Macaulay_Matrix
Groebner_Bases.F4
Hypergraph_Basics.Hypergraph
LLL_Factorization.Missing_Dvd_Int_Poly
HOL-Analysis.Abstract_Topology_2
HOL-Analysis.Elementary_Metric_Spaces
HOL-Analysis.Connected
HOL-Analysis.Elementary_Normed_Spaces
HOL-Analysis.Topology_Euclidean_Space
HOL-Analysis.Line_Segment
HOL-Analysis.Tagged_Division
HOL-Analysis.Convex_Euclidean_Space
HOL-Analysis.Ordered_Euclidean_Space
HOL-Analysis.Starlike
HOL-Analysis.Continuous_Extension
HOL-Analysis.Function_Topology
HOL-Analysis.Function_Metric
HOL-Analysis.Product_Topology
HOL-Analysis.T1_Spaces
HOL-Analysis.Lindelof_Spaces
HOL-Analysis.Path_Connected
HOL-Analysis.Locally
HOL-Analysis.Arcwise_Connected
HOL-Analysis.Uncountable_Sets
HOL-Analysis.Homotopy
HOL-Analysis.Homeomorphism
HOL-Analysis.Sparse_In
HOL-Analysis.Isolated
HOL-Analysis.Abstract_Euclidean_Space
HOL-Analysis.Abstract_Topological_Spaces
HOL-Analysis.Abstract_Metric_Spaces
HOL-Library.Linear_Temporal_Logic_on_Streams
CZH_Universal_Constructions.CZH_UCAT_Pointed
CZH_Universal_Constructions.CZH_UCAT_Introduction
CZH_Universal_Constructions.CZH_UCAT_Universal
CZH_Universal_Constructions.CZH_UCAT_Limit
CZH_Universal_Constructions.CZH_UCAT_Representable
CZH_Universal_Constructions.CZH_UCAT_Limit_IT
CZH_Universal_Constructions.CZH_UCAT_Limit_Product
CZH_Universal_Constructions.CZH_UCAT_Comma
CZH_Universal_Constructions.CZH_UCAT_Limit_Pullback
CZH_Universal_Constructions.CZH_UCAT_Adjoints
CZH_Universal_Constructions.CZH_UCAT_Kan
CZH_Universal_Constructions.CZH_UCAT_PWKan
CZH_Universal_Constructions.CZH_UCAT_Limit_Equalizer
CZH_Universal_Constructions.CZH_UCAT_Complete
CZH_Universal_Constructions.CZH_UCAT_Set
Coinductive.Coinductive_Nat
Coinductive.Coinductive_List
Coinductive.Quotient_Coinductive_List
Coinductive.Koenigslemma
Coinductive.TLList
Coinductive.Coinductive_Stream
Coinductive.Coinductive_List_Prefix
Coinductive.Hamming_Stream
Coinductive.LMirror
Coinductive.Lazy_LList
Coinductive.Lazy_TLList
Coinductive.TLList_CCPO
Coinductive.Quotient_TLList
Transition_Systems_and_Automata.Sequence_LTL
Transition_Systems_and_Automata.Transition_System_Extra
Transition_Systems_and_Automata.Acceptance
Transition_Systems_and_Automata.Transition_System_Construction
Transition_Systems_and_Automata.Sequence_Zip
Transition_Systems_and_Automata.Maps
Transition_Systems_and_Automata.Refine
Transition_Systems_and_Automata.Acceptance_Refine
Transition_Systems_and_Automata.Transition_System_Refine
Transition_Systems_and_Automata.Degeneralization
Transition_Systems_and_Automata.Nondeterministic
Transition_Systems_and_Automata.Deterministic
Transition_Systems_and_Automata.DGCA
Transition_Systems_and_Automata.NGBTA
Transition_Systems_and_Automata.DBA
Transition_Systems_and_Automata.DGBA
Transition_Systems_and_Automata.Degeneralization_Refine
Transition_Systems_and_Automata.DBA_Combine
Transition_Systems_and_Automata.DRA
Transition_Systems_and_Automata.DRA_Refine
Transition_Systems_and_Automata.NGBA
Transition_Systems_and_Automata.NGBA_Graphs
Transition_Systems_and_Automata.DGBTA
Transition_Systems_and_Automata.NBA
Transition_Systems_and_Automata.NBA_Graphs
Transition_Systems_and_Automata.NBA_Refine
Transition_Systems_and_Automata.DCA
Transition_Systems_and_Automata.DRA_Combine
Transition_Systems_and_Automata.NGBA_Refine
Transition_Systems_and_Automata.DCA_Combine
Transition_Systems_and_Automata.NBA_Combine
Transition_Systems_and_Automata.NBTA
Transition_Systems_and_Automata.DBTA
Transition_Systems_and_Automata.Implement
Transition_Systems_and_Automata.DRA_Implement
Transition_Systems_and_Automata.NBA_Implement
Transition_Systems_and_Automata.NGBA_Implement
Transition_Systems_and_Automata.DRA_Nodes
Transition_Systems_and_Automata.NBA_Algorithms
Transition_Systems_and_Automata.NGBA_Algorithms
Transition_Systems_and_Automata.DRA_Explicit
Transition_Systems_and_Automata.DRA_Translate
Transition_Systems_and_Automata.NBA_Explicit
Transition_Systems_and_Automata.NBA_Translate
Dedekind_Sums.Dedekind_Sums
HOL-Library.Interval_Float
Diophantine_Universal_Pairs.M3_Polynomial
Diophantine_Universal_Pairs.Nine_Unknowns_N_Z_Definitions
Diophantine_Universal_Pairs.Pi_to_M3_rat
Diophantine_Universal_Pairs.Matiyasevich_Polynomial
Diophantine_Universal_Pairs.Nine_Unknowns_N_Z
Extended_Finite_State_Machines.EFSM_LTL
Finite_Fields.Card_Irreducible_Polynomials
CakeML.Lib
CakeML.FpSem
CakeML.Ast
CakeML.CakeML_Compiler
CakeML.Ffi
CakeML.SemanticPrimitives
CakeML.TypeSystem
CakeML.Evaluate
CakeML.PrimTypes
CakeML.AstAuxiliary
CakeML.SemanticPrimitivesAuxiliary
CakeML.SmallStep
CakeML.BigStep
CakeML.Semantic_Extras
CakeML.Matching
CakeML.Big_Step_Determ
CakeML.Evaluate_Termination
CakeML.Evaluate_Clock
CakeML.Big_Step_Total
CakeML.Big_Step_Fun_Equiv
CakeML.Big_Step_Clocked
CakeML.Big_Step_Unclocked
CakeML.Evaluate_Single
CakeML.CakeML_Code
CakeML.Big_Step_Unclocked_Single
HOL-Nonstandard_Analysis.NSA
HOL-Nonstandard_Analysis.NSComplex
HOL-Nonstandard_Analysis.Star
HOL-Nonstandard_Analysis.NatStar
HOL-Nonstandard_Analysis.HSEQ
HOL-Nonstandard_Analysis.HLim
HOL-Nonstandard_Analysis.HDeriv
HOL-Nonstandard_Analysis.HSeries
HOL-Nonstandard_Analysis.HTranscendental
HOL-Nonstandard_Analysis.HLog
HOL-Nonstandard_Analysis.Hyperreal
HOL-Nonstandard_Analysis.NSCA
HOL-Nonstandard_Analysis.CStar
HOL-Nonstandard_Analysis.CLim
HOL-Nonstandard_Analysis.Hypercomplex
NREST.NREST_Auxiliaries
NREST.NREST
NREST.DataRefinement
NREST.SepLogic_Misc
NREST.RefineMonadicVCG
Groebner_Macaulay.Groebner_Macaulay
Restriction_Spaces-Ultrametric.Banach_Theorem_Extension
Lambda_Free_RPOs.Lambda_Free_Util
Lambda_Free_RPOs.Lambda_Free_Term
Lambda_Free_RPOs.Lambda_Encoding
Lambda_Free_RPOs.Infinite_Chain
Lambda_Free_RPOs.Extension_Orders
Lambda_Free_RPOs.Lambda_Free_RPO_Std
Lambda_Free_RPOs.Lambda_Free_RPO_Optim
Lambda_Free_RPOs.Lambda_Free_RPO_App
Lambda_Free_RPOs.Lambda_Free_RPOs
Graph_Theory.Stuff
Graph_Theory.Digraph
Graph_Theory.Arc_Walk
Graph_Theory.Bidirected_Digraph
Graph_Theory.Vertex_Walk
Graph_Theory.Pair_Digraph
Graph_Theory.Digraph_Component
Graph_Theory.Digraph_Component_Vwalk
Graph_Theory.Digraph_Isomorphism
Graph_Theory.Subdivision
Graph_Theory.Kuratowski
Graph_Theory.Euler
Graph_Theory.Weighted_Graph
Graph_Theory.Shortest_Path
Graph_Theory.Graph_Theory
Van_Emde_Boas_Trees.VEBT_Definitions
Van_Emde_Boas_Trees.VEBT_Space
Van_Emde_Boas_Trees.VEBT_Height
Van_Emde_Boas_Trees.VEBT_Member
Van_Emde_Boas_Trees.VEBT_MinMax
Van_Emde_Boas_Trees.VEBT_Insert
Van_Emde_Boas_Trees.VEBT_Pred
Van_Emde_Boas_Trees.VEBT_InsertCorrectness
Van_Emde_Boas_Trees.VEBT_Succ
Van_Emde_Boas_Trees.VEBT_Bounds
Van_Emde_Boas_Trees.VEBT_Delete
Van_Emde_Boas_Trees.VEBT_DeleteCorrectness
Van_Emde_Boas_Trees.VEBT_DeleteBounds
Van_Emde_Boas_Trees.VEBT_Uniqueness
Van_Emde_Boas_Trees.VEBT_Intf_Functional
Van_Emde_Boas_Trees.VEBT_BuildupMemImp
Van_Emde_Boas_Trees.VEBT_SuccPredImperative
Van_Emde_Boas_Trees.VEBT_DelImperative
Van_Emde_Boas_Trees.VEBT_Intf_Imperative
Lambda_Free_EPO.Embeddings
Lambda_Free_EPO.Chop
Encodability_Process_Calculi.Relations
Encodability_Process_Calculi.ProcessCalculi
Encodability_Process_Calculi.SimulationRelations
Encodability_Process_Calculi.Encodings
Encodability_Process_Calculi.SourceTargetRelation
Encodability_Process_Calculi.OperationalCorrespondence
Encodability_Process_Calculi.FullAbstraction
Encodability_Process_Calculi.DivergenceReflection
Encodability_Process_Calculi.SuccessSensitiveness
Munta_Base.TA_Syntax_Bundles
Nested_Multisets_Ordinals.Syntactic_Ordinal
Nested_Multisets_Ordinals.Signed_Syntactic_Ordinal
Akra_Bazzi.Akra_Bazzi_Library
Akra_Bazzi.Akra_Bazzi_Asymptotics
Akra_Bazzi.Akra_Bazzi_Real
Akra_Bazzi.Akra_Bazzi
HOL-Library.Extended_Nonnegative_Real
HOL-Analysis.Infinite_Sum
HOL-Analysis.Extended_Real_Limits
HOL-Analysis.Summation_Tests
HOL-Analysis.Sigma_Algebra
HOL-Analysis.Uniform_Limit
HOL-Analysis.Bounded_Continuous_Function
HOL-Analysis.Bounded_Linear_Function
HOL-Analysis.Urysohn
HOL-Analysis.Derivative
HOL-Analysis.Brouwer_Fixpoint
HOL-Analysis.Complex_Analysis_Basics
HOL-Analysis.Retracts
HOL-Analysis.Smooth_Paths
HOL-Analysis.Cartesian_Euclidean_Space
HOL-Analysis.Fashoda_Theorem
HOL-Analysis.Lipschitz
HOL-Analysis.Cross3
HOL-Analysis.Multivariate_Analysis
Affine_Arithmetic.Counterclockwise
HOL-Analysis.Complex_Transcendental
HOL-Analysis.Harmonic_Numbers
HOL-Analysis.Generalised_Binomial_Theorem
HOL-Analysis.FPS_Convergence
HOL-Analysis.Infinite_Products
HOL-Analysis.Weierstrass_Theorems
Affine_Arithmetic.Affine_Arithmetic_Auxiliarities
Affine_Arithmetic.Executable_Euclidean_Space
Affine_Arithmetic.Affine_Form
HOL-Analysis.Polytope
Affine_Arithmetic.Counterclockwise_Vector
Affine_Arithmetic.Counterclockwise_2D_Strict
Affine_Arithmetic.Counterclockwise_2D_Arbitrary
HOL-Analysis.Measurable
HOL-Analysis.Measure_Space
HOL-Analysis.Caratheodory
HOL-Analysis.Borel_Space
HOL-Analysis.Regularity
HOL-Analysis.Nonnegative_Lebesgue_Integration
HOL-Analysis.Binary_Product_Measure
HOL-Analysis.Embed_Measure
Affine_Arithmetic.Polygon
Affine_Arithmetic.Intersection
Coinductive.CCPO_Topology
Coinductive.LList_CCPO_Topology
HOL-Analysis.Finite_Product_Measure
HOL-Analysis.Bochner_Integration
Lambert_W.Lambert_W
Stream_Fusion_Code.Stream_Fusion_LList
Real_Impl.Prime_Product
Real_Impl.Real_Impl
Real_Impl.Real_Unique_Impl
HOL-Homology.Simplices
HOL-Homology.Homology_Groups
HOL-Homology.Brouwer_Degree
HOL-Homology.Invariance_of_Domain
Prefix_Free_Code_Combinators.Prefix_Free_Code_Combinators
Munta_Certificate_Checker.More_Graph_Theory
Hilbert_Basis.Weak_Hilbert_Basis
Hilbert_Basis.Hilbert_Basis
MLSS_Decision_Proc.MLSS_Realisation
MLSS_Decision_Proc.MLSS_Proc
MLSS_Decision_Proc.MLSS_Proc_Code
HOLCF-FOCUS.Fstream
HOLCF-FOCUS.Stream_adm
HOLCF-FOCUS.FOCUS
HOLCF-FOCUS.Buffer
Crypto_Standards.EC_Common
Crypto_Standards.SEC1v2_0
Crypto_Standards.Efficient_SEC1
Crypto_Standards.FIPS186_4_Curves
Hermite_Lindemann.More_Multivariate_Polynomial_HLW
Hermite_Lindemann.Algebraic_Integer_Divisibility
Hermite_Lindemann.More_Polynomial_HLW
Hermite_Lindemann.More_Min_Int_Poly
Hermite_Lindemann.More_Algebraic_Numbers_HLW
Lambda_Free_KBOs.Lambda_Free_KBO_Util
Lambda_Free_KBOs.Lambda_Free_TKBO_Coefs
Lambda_Free_KBOs.Lambda_Free_KBO_App
Lambda_Free_KBOs.Lambda_Free_KBO_Std
Lambda_Free_KBOs.Lambda_Free_KBO_Basic
Lambda_Free_KBOs.Lambda_Encoding_KBO
JinjaThreads.LTS
JinjaThreads.FWLTS
JinjaThreads.BVProgressThreaded
JinjaThreads.FWInitFinLift
JinjaThreads.JVMDeadlocked
JinjaThreads.Bisimulation
JinjaThreads.FWBisimulation
JinjaThreads.J1
JinjaThreads.J0
JinjaThreads.BV_Main
JinjaThreads.JVMTau
JinjaThreads.Execs
JinjaThreads.J1JVMBisim
JinjaThreads.JVMJ1
JinjaThreads.J0J1Bisim
JinjaThreads.Correctness1Threaded
JinjaThreads.Correctness1
JinjaThreads.FWBisimLift
JinjaThreads.J0Bisim
JinjaThreads.JMM_Spec
JinjaThreads.JMM_DRF
JinjaThreads.J1Deadlock
JinjaThreads.J1JVM
JinjaThreads.Correctness2
JinjaThreads.Scheduler
JinjaThreads.Round_Robin
JinjaThreads.Random_Scheduler
JinjaThreads.Non_Speculative
JinjaThreads.HB_Completion
JinjaThreads.SC_Completion
JinjaThreads.JMM_Heap
JinjaThreads.JMM_Type
JinjaThreads.JMM_Framework
JinjaThreads.JMM_J
JinjaThreads.JMM_JVM
JinjaThreads.JMM_Typesafe
JinjaThreads.JMM_Common
JinjaThreads.FWBisimDeadlock
JinjaThreads.Correctness
JinjaThreads.JMM_Compiler
JinjaThreads.SC_Interp
JinjaThreads.Common_Main
JinjaThreads.Compiler_Main
JinjaThreads.SC_Schedulers
JinjaThreads.JVM_Execute
JinjaThreads.JVM_Execute2
JinjaThreads.J_Execute
JinjaThreads.Code_Generation
JinjaThreads.ApprenticeChallenge
JinjaThreads.Java2Jinja
JinjaThreads.BufferExample
JinjaThreads.Examples_Main
JinjaThreads.Execute_Main
JinjaThreads.JMM_Type2
JinjaThreads.JMM_Typesafe2
JinjaThreads.SC_Legal
JinjaThreads.DRF_JVM
JinjaThreads.JMM_JVM_Typesafe
JinjaThreads.DRF_J
JinjaThreads.JMM_Interp
JinjaThreads.JMM_J_Typesafe
JinjaThreads.JMM_Compiler_Type2
JinjaThreads.JMM
JinjaThreads.MM_Main
JinjaThreads.Basic_Main
UTP.utp_var
UTP.utp_expr
UTP.utp_expr_insts
UTP.utp_unrest
UTP.utp_subst
UTP.utp_expr_funcs
UTP.utp_usedby
UTP.utp_tactics
UTP.utp_meta_subst
UTP.utp_pred
UTP.utp_pred_laws
UTP.utp_healthy
UTP.utp_alphabet
UTP.utp_lift
UTP.utp_rel
UTP.utp_recursion
UTP.utp_state_parser
UTP.utp_rel_laws
UTP.utp_theory
UTP.utp_hoare
UTP.utp_wp
UTP.utp_sp
UTP.utp_concurrency
UTP.utp_rel_opsem
UTP.utp_sym_eval
UTP.utp_sequent
UTP.utp_dynlog
UTP.utp
UTP.utp_expr_ovld
UTP.utp_full
UTP.utp_easy_parser
Partial_Order_Reduction.ENat_Extensions
Partial_Order_Reduction.CCPO_Extensions
Partial_Order_Reduction.ESet_Extensions
Partial_Order_Reduction.Transition_System_Extensions
Partial_Order_Reduction.Transition_System_Traces
Partial_Order_Reduction.Coinductive_List_Extensions
Partial_Order_Reduction.LList_Prefixes
Partial_Order_Reduction.Stuttering
Partial_Order_Reduction.Formula
Partial_Order_Reduction.Transition_System_Interpreted_Traces
Partial_Order_Reduction.Ample_Abstract
Partial_Order_Reduction.Ample_Analysis
Combinatorial_Enumeration_Algorithms.n_Permutations
Planarity_Certificates.Reachablen
Planarity_Certificates.Graph_Genus
Planarity_Certificates.Planar_Subgraph
Planarity_Certificates.Planar_Subdivision
Planarity_Certificates.Digraph_Map_Impl
Planarity_Certificates.Check_Non_Planarity_Impl
Planarity_Certificates.Planar_Complete
Planarity_Certificates.Kuratowski_Combinatorial
Planarity_Certificates.Check_Non_Planarity_Verification
Planarity_Certificates.Check_Planarity_Verification
Farkas.Matrix_Farkas
LTL_Master_Theorem.DRA_Construction
LTL_Master_Theorem.DRA_Implementation
LTL_Master_Theorem.DRA_Instantiation
DynamicArchitectures.Configuration_Traces
DynamicArchitectures.Dynamic_Architecture_Calculus
Martingales.Measure_Space_Supplement
More_LazyLists.LazyList_Operations
More_LazyLists.LazyList_Filtermap
Gauss_Sums.Gauss_Sums_Auxiliary
Girth_Chromatic.Girth_Chromatic_Misc
Girth_Chromatic.Ugraphs
Polynomial_Factorization.Explicit_Roots
Polynomial_Factorization.Rational_Factorization
Tarskis_Geometry.Metric
Tarskis_Geometry.Miscellany
Tarskis_Geometry.Tarski
Tarskis_Geometry.Euclid_Tarski
Tarskis_Geometry.Linear_Algebra2
Tarskis_Geometry.Projective
Karatsuba_Sqrt.Karatsuba_Sqrt_Float
Triangle.Angles
Triangle.Triangle
Galois_Energy_Games.Energy_Game
Galois_Energy_Games.Galois_Energy_Game
Galois_Energy_Games.Decidability
Galois_Energy_Games.Energy_Order
Galois_Energy_Games.Update
Octonions.Cross_Product_7
BenOr_Kozen_Reif.More_Matrix
BenOr_Kozen_Reif.BKR_Algorithm
BenOr_Kozen_Reif.Matrix_Equation_Construction
BenOr_Kozen_Reif.Renegar_Algorithm
BenOr_Kozen_Reif.BKR_Proofs
BenOr_Kozen_Reif.Renegar_Proofs
Architectural_Design_Patterns.RF_LTL
Architectural_Design_Patterns.Singleton
Architectural_Design_Patterns.Publisher_Subscriber
Set_Reconciliation.Factorisation
Set_Reconciliation.Poly_Lemmas
Three_Circles.RRI_Misc
Three_Circles.Normal_Poly
Three_Circles.Bernstein_01
Three_Circles.Bernstein
CRYSTALS-Kyber_Security.Finite_UNIV
CRYSTALS-Kyber_Security.Crypto_Scheme_new
Progress_Tracking.Auxiliary
Progress_Tracking.Antichain
Progress_Tracking.Exchange
Progress_Tracking.Graph
Progress_Tracking.Propagate
Relative_Security.Trivia
Relative_Security.Transition_System
Relative_Security.Relative_Security_fin
Relative_Security.Relative_Security
Relative_Security.Unwinding_fin
Relative_Security.Unwinding
Fishers_Inequality.Matrix_Vector_Extras
Fishers_Inequality.Vector_Matrix_Mod
Fishers_Inequality.Incidence_Matrices
Fishers_Inequality.Dual_Systems
Fishers_Inequality.Rank_Argument_General
Fishers_Inequality.Linear_Bound_Argument
Fishers_Inequality.Fishers_Inequality
Fishers_Inequality.Fishers_Inequality_Variations
ShortestPath.ShortestPath
Differential_Privacy.Measurable_Isomorphism
Differential_Privacy.L1_norm_list
Differential_Privacy.Source_and_Sink_Algebras
Differential_Privacy.Source_and_Sink_Algebras_Constructions
Differential_Privacy.List_Space
Lazy-Lists-II.LList2
Morley_Theorem.Complex_Angles
Morley_Theorem.Third_Unity_Root
Morley_Theorem.Complex_Triangles_Definitions
Morley_Theorem.Complex_Trigonometry
Morley_Theorem.Complex_Triangles
Morley_Theorem.Complex_Axial_Symmetry
HOL-Data_Structures.Braun_Tree
HOL-Data_Structures.Balance
HOL-Data_Structures.Array_Braun
Secret_Directed_Unwinding.SD_Unwinding
Secret_Directed_Unwinding.SD_Unwinding_fin
Computational_pAdics.pAdic_Product
Computational_pAdics.Fin_Field_Product
Hidden_Markov_Models.Auxiliary
Mersenne_Primes.Lucas_Lehmer_Code
CakeML_Codegen.CakeML_Utils
CakeML_Codegen.CupCake_Env
CakeML_Codegen.CupCake_Semantics
CakeML_Codegen.CakeML_Byte
CakeML_Codegen.CakeML_Setup
CakeML_Codegen.CakeML_Backend
CakeML_Codegen.CakeML_Correctness
CakeML_Codegen.Composition
CakeML_Codegen.Compiler
MLSSmf_to_MLSS.Place_Framework
MLSSmf_to_MLSS.Place_Realisation
MLSSmf_to_MLSS.Syntactic_Description
MLSSmf_to_MLSS.Reduced_MLSS_Formula_Singleton_Model_Property
MLSSmf_to_MLSS.MLSSmf_to_MLSS_Completeness
HOL-CSP_Proc-Omata.Deterministic_Processes
HOL-CSP_Proc-Omata.Process_Normalization
HOL-CSP_Proc-Omata.Almost_Compactification
HOL-CSP_Proc-Omata.Combining_Synchronization_Product
HOL-CSP_Proc-Omata.Combining_Synchronization_Product_Generalized
HOL-CSP_Proc-Omata.Process_Normalization_Properties
HOL-CSP_Proc-Omata.Compactification_Synchronization_Product
HOL-CSP_Proc-Omata.Compactification_DiningPhilosophers
HOL-CSP_Proc-Omata.Compactification_Synchronization_Product_Generalized
HOL-CSP_Proc-Omata.Combining_Sequential_Composition_Generalized
HOL-CSP_Proc-Omata.Compactification_Sequential_Composition_Generalized
Neural_Networks.Properties
Neural_Networks.Properties_Matrix
Neural_Networks.NN_Digraph
Neural_Networks.NN_Digraph_Layers
Factor_Algebraic_Polynomial.Poly_Connection
Factor_Algebraic_Polynomial.MPoly_Divide
Factor_Algebraic_Polynomial.MPoly_Divide_Code
Factor_Algebraic_Polynomial.Multivariate_Resultant
Differential_Game_Logic.Denotational_Semantics
Differential_Game_Logic.Axioms
Differential_Game_Logic.Static_Semantics
Differential_Game_Logic.Coincidence
Differential_Game_Logic.USubst
IMP_With_Speculation.Language_Syntax
IMP_With_Speculation.Step_Basic
IMP_With_Speculation.Step_Spec
IMP_With_Speculation.Step_Normal
IMP_With_Speculation.Instance_Common
IMP_With_Speculation.Instance_Secret_IMem
IMP_With_Speculation.Fun_mask
IMP_With_Speculation.Instance_Secret_IMem_Inp
IMP_With_Speculation.Fun1
IMP_With_Speculation.Fun2
IMP_With_Speculation.Fun4
IMP_With_Speculation.Fun3
IMP_With_Speculation.Fun6
IMP_With_Speculation.Fun5
Alpha_Beta_Pruning.Alpha_Beta_Linear
Alpha_Beta_Pruning.Alpha_Beta_Lattice
Banach_Steinhaus.Banach_Steinhaus_Missing
Banach_Steinhaus.Banach_Steinhaus
Szemeredi_Regularity.Szemeredi
ConcurrentHOL.HOL_Basis
ConcurrentHOL.Aczel_Sequences
ConcurrentHOL.Lifted_Predicates
ConcurrentHOL.More_Lattices
ConcurrentHOL.Closures
ConcurrentHOL.Galois
ConcurrentHOL.Heyting
ConcurrentHOL.Stability
ConcurrentHOL.Safety_Logic
ConcurrentHOL.Next_Imp
ConcurrentHOL.Constructions
ConcurrentHOL.TLS
ConcurrentHOL.Refinement
ConcurrentHOL.Programs
ConcurrentHOL.Local_State
ConcurrentHOL.Combinators
ConcurrentHOL.ConcurrentHOL
ConcurrentHOL.Heap
ConcurrentHOL.TSO
ConcurrentHOL.TSO_Code_Gen
ConcurrentHOL.Assume_Guarantee
ConcurrentHOL.CImperativeHOL
QHLProver.Complex_Matrix
QHLProver.Matrix_Limit
QHLProver.Gates
QHLProver.Quantum_Program
QHLProver.Partial_State
QHLProver.Quantum_Hoare
HoareForDivergence.CoinductiveLemmas
HoareForDivergence.WhileLang
HoareForDivergence.StdLogic
HoareForDivergence.DivLogic
HoareForDivergence.WhileLangLemmas
HoareForDivergence.StdLogicCompleteness
HoareForDivergence.StdLogicSoundness
HoareForDivergence.DivLogicCompleteness
HoareForDivergence.DivLogicSoundness
Splitting_Framework.Lazy_List_Limsup
Prime_Distribution_Elementary.Primes_Omega
Design_Theory.Designs_And_Graphs
pGCL.Misc
pGCL.Expectations
pGCL.Transformers
pGCL.Induction
pGCL.Embedding
pGCL.Healthiness
pGCL.Continuity
pGCL.LoopInduction
pGCL.Sublinearity
pGCL.WellDefined
pGCL.Algebra
pGCL.StructuredReasoning
pGCL.Automation
pGCL.Determinism
pGCL.Loops
pGCL.Termination
pGCL.pGCL
Elementary_Ultrametric_Spaces
VYDRA_MDL.Timestamp
VYDRA_MDL.Interval
VYDRA_MDL.Trace
VYDRA_MDL.MDL
VYDRA_MDL.Window
VYDRA_MDL.Temporal
VYDRA_MDL.Monitor
VYDRA_MDL.Preliminaries
Buchi_Complementation.Graph
Buchi_Complementation.Ranking
Buchi_Complementation.Complementation
Buchi_Complementation.Complementation_Implement
Buchi_Complementation.Complementation_Final
Continued_Fractions.Pell_Lifting
Continued_Fractions.Continued_Fractions
Continued_Fractions.Quadratic_Irrationals
Continued_Fractions.Sqrt_Nat_Cfrac
Continued_Fractions.Pell_Continued_Fraction
Complex_Bounded_Operators.Extra_General
Complex_Bounded_Operators.Extra_Vector_Spaces
Complex_Bounded_Operators.Extra_Operator_Norm
Complex_Bounded_Operators.Complex_Vector_Spaces
Complex_Bounded_Operators.Complex_Inner_Product0
Complex_Bounded_Operators.Complex_Inner_Product
Complex_Bounded_Operators.Complex_Euclidean_Space0
Complex_Bounded_Operators.Complex_Bounded_Linear_Function0
Complex_Bounded_Operators.One_Dimensional_Spaces
Complex_Bounded_Operators.Complex_Bounded_Linear_Function
First_Welfare_Theorem.Consumers
First_Welfare_Theorem.Preferences
First_Welfare_Theorem.Utility_Functions
First_Welfare_Theorem.Common
XML.Xmlt
Isabelle_Marries_Dirac.Basics
Isabelle_Marries_Dirac.Binary_Nat
Isabelle_Marries_Dirac.Quantum
Isabelle_Marries_Dirac.Complex_Vectors
Isabelle_Marries_Dirac.Measurement
Isabelle_Marries_Dirac.Tensor
Isabelle_Marries_Dirac.More_Tensor
Isabelle_Marries_Dirac.Deutsch
Berlekamp_Zassenhaus.Mahler_Measure
Berlekamp_Zassenhaus.Square_Free_Int_To_Square_Free_GFp
Berlekamp_Zassenhaus.Suitable_Prime
Berlekamp_Zassenhaus.Gcd_Finite_Field_Impl
Berlekamp_Zassenhaus.Factor_Bound
Berlekamp_Zassenhaus.Square_Free_Factorization_Int
Berlekamp_Zassenhaus.Reconstruction
Berlekamp_Zassenhaus.Berlekamp_Zassenhaus
Berlekamp_Zassenhaus.Factorize_Int_Poly
Berlekamp_Zassenhaus.Factorize_Rat_Poly
KD_Tree.KD_Tree
CVP_Hardness.Lattice_int
Hilbert_Space_Tensor_Product.Misc_Tensor_Product
Hilbert_Space_Tensor_Product.Strong_Operator_Topology
Abel_Limit_Theorem.Abel_Limit_Theorem
CryptHOL.Negligible
Restriction_Spaces-Ultrametric.Ultrametric_Restriction_Spaces_Locale
Restriction_Spaces-Ultrametric.Ultrametric_Restriction_Spaces
Restriction_Spaces-Ultrametric.Fun_Ultrametric_Restriction_Spaces
Restriction_Spaces-Ultrametric.Prod_Ultrametric_Restriction_Spaces
Topological_Groups.Uniform_Structure
Topological_Groups.Topological_Group
CHERI-C_Memory_Model.CHERI_C_Concrete_Memory_Model
Query_Optimization.Misc
Query_Optimization.Graph_Theory_Batteries
Query_Optimization.Graph_Definitions
Query_Optimization.Shortest_Path_Tree
Query_Optimization.Graph_Additions
Query_Optimization.Directed_Tree_Additions
Query_Optimization.Dtree
Query_Optimization.List_Dtree
Query_Optimization.QueryGraph
Query_Optimization.IKKBZ
Query_Optimization.IKKBZ_Optimality
MFOTL_Monitor.Interval
MFOTL_Monitor.MFOTL
MFOTL_Monitor.Monitor
MFOTL_Monitor.Monitor_Code
Cayley_Hamilton.Square_Matrix
Cayley_Hamilton.Cayley_Hamilton
Poincare_Disc.Hyperbolic_Functions
Poincare_Disc.Poincare_Lines
Poincare_Disc.Poincare_Lines_Ideal_Points
Poincare_Disc.Poincare_Distance
Poincare_Disc.Poincare_Circles
Poincare_Disc.Poincare_Between
Poincare_Disc.Poincare_Lines_Axis_Intersections
Poincare_Disc.Poincare
Poincare_Disc.Poincare_Tarski
Perron_Frobenius.HMA_Connect
Perron_Frobenius.Perron_Frobenius_Aux
Perron_Frobenius.Perron_Frobenius
List-Infinite.Util_NatInf
List-Infinite.SetInterval2
List-Infinite.SetIntervalCut
List-Infinite.List2
List-Infinite.SetIntervalStep
List-Infinite.InfiniteSet2
List-Infinite.ListInf
List-Infinite.ListInf_Prefix
Orient_Rewrite_Rule_Undecidable.Preliminaries_on_Polynomials_2
Orient_Rewrite_Rule_Undecidable.Poly_Termination_Undecidable
Executable_Randomized_Algorithms.Tau_Additivity
Expander_Graphs.Expander_Graphs_Definition
Expander_Graphs.Expander_Graphs_TTS
Expander_Graphs.Expander_Graphs_Algebra
Adaptive_State_Counting.FSM
Adaptive_State_Counting.ATC
Adaptive_State_Counting.FSM_Product
Adaptive_State_Counting.ASC_LB
Adaptive_State_Counting.ASC_Suite
Adaptive_State_Counting.ASC_Sufficiency
Adaptive_State_Counting.ASC_Hoare
HOL-Decision_Procs.Approximation_Bounds
HOL-Decision_Procs.Approximation
HOL-Decision_Procs.Approximation_Ex
Expander_Graphs.Expander_Graphs_MGG
HOL-Decision_Procs.Approximation_Quickcheck_Ex
SM.Pid_Scheduler
SM.SM_Pid
SM.SM_Variables
SM.SM_Indep
SM.SM_Sticky
SM.SM_POR
SM.SM_Ample_Impl
SM.SM_Wrapup
Undirected_Graph_Theory.Undirected_Graph_Basics
Undirected_Graph_Theory.Undirected_Graph_Walks
Undirected_Graph_Theory.Bipartite_Graphs
Undirected_Graph_Theory.Graph_Theory_Relations
Undirected_Graph_Theory.Connectivity
Undirected_Graph_Theory.Girth_Independence
Undirected_Graph_Theory.Graph_Triangles
Undirected_Graph_Theory.Undirected_Graphs_Root
HOL-Probability.Fin_Map
Commuting_Hermitian.Commuting_Hermitian_Misc
Ordered_Resolution_Prover.Lazy_List_Liminf
Ordered_Resolution_Prover.Lazy_List_Chain
Ordered_Resolution_Prover.Proving_Process
Ordered_Resolution_Prover.Standard_Redundancy
Ordered_Resolution_Prover.FO_Ordered_Resolution
Ordered_Resolution_Prover.FO_Ordered_Resolution_Prover
HOL-CSP_Proc-Omata
HOL-Analysis.Complete_Measure
HOL-Analysis.Lebesgue_Measure
HOL-Analysis.Henstock_Kurzweil_Integration
HOL-Analysis.Kronecker_Approximation_Theorem
HOL-Analysis.Radon_Nikodym
HOL-Analysis.Set_Integral
HOL-Analysis.Equivalence_Lebesgue_Henstock_Integration
HOL-Analysis.Interval_Integral
HOL-Analysis.Improper_Integral
HOL-Analysis.Vitali_Covering_Theorem
HOL-Analysis.Lebesgue_Integral_Substitution
HOL-Analysis.Further_Topology
HOL-Analysis.Jordan_Curve
HOL-Analysis.Change_Of_Vars
HOL-Analysis.Gamma_Function
HOL-Analysis.Equivalence_Measurable_On_Borel
HOL-Analysis.Simplex_Content
HOL-Analysis.Ball_Volume
HOL-Analysis.Integral_Test
HOL-Analysis.Infinite_Set_Sum
HOL-Analysis.Analysis
HOL-Probability.Discrete_Topology
HOL-Probability.Essential_Supremum
HOL-Probability.Tree_Space
HOL-Probability.Stopping_Time
HOL-Probability.Probability_Measure
HOL-Probability.Giry_Monad
HOL-Probability.Probability_Mass_Function
HOL-Probability.Random_Permutations
HOL-Probability.SPMF
HOL-Probability.Projective_Family
CryptHOL.Cyclic_Group_SPMF
HOL-Probability.Distribution_Functions
HOL-Probability.Weak_Convergence
HOL-Probability.Helly_Selection
HOL-Probability.Infinite_Product_Measure
HOL-Probability.Independent_Family
HOL-Probability.Convolution
HOL-Probability.Product_PMF
HOL-Probability.Hoeffding
HOL-Probability.Stream_Space
HOL-Probability.Projective_Limit
HOL-Probability.PMF_Impl
HOL-Probability.Information
HOL-Probability.Distributions
HOL-Probability.Characteristic_Functions
HOL-Probability.Sinc_Integral
HOL-Probability.Levy
HOL-Probability.Central_Limit_Theorem
HOL-Probability.Conditional_Expectation
HOL-Probability.Probability
Executable_Randomized_Algorithms.Coin_Space
Executable_Randomized_Algorithms.Permuted_Congruential_Generator
Algebraic_Numbers.Factors_of_Int_Poly
Algebraic_Numbers.Sturm_Rat
Algebraic_Numbers.Complex_Roots_Real_Poly
Algebraic_Numbers.Algebraic_Numbers_Pre_Impl
Algebraic_Numbers.Real_Algebraic_Numbers
Algebraic_Numbers.Show_Real_Alg
Algebraic_Numbers.Show_Real_Precise
Algebraic_Numbers.Cauchy_Root_Bound
Algebraic_Numbers.Real_Roots
Algebraic_Numbers.Complex_Algebraic_Numbers
UpDown_Scheme.Grid_Point
UpDown_Scheme.Grid
UpDown_Scheme.Triangular_Function
UpDown_Scheme.UpDown_Scheme
UpDown_Scheme.Down
UpDown_Scheme.Up
Taylor_Models.Polynomial_Expression_Additional
Differential_Privacy.Additional_Lemmas_for_Calculation
Differential_Privacy.Additional_Lemmas_for_Integrals
Differential_Privacy.Comparable_Probability_Measures
Differential_Privacy.Differential_Privacy_Divergence
Differential_Privacy.Differential_Privacy_Randomized_Response
Differential_Privacy.Laplace_Distribution
Differential_Privacy.Differential_Privacy_Laplace_Mechanism
Differential_Privacy.Differential_Privacy_Laplace_Mechanism_Multi
Differential_Privacy.Differential_Privacy_Standard
Incredible_Proof_Machine.Propositional_Formulas
Incredible_Proof_Machine.Incredible_Propositional
Kolmogorov_Chentsov.Kolmogorov_Chentsov_Extras
Kolmogorov_Chentsov.Dyadic_Interval
Kolmogorov_Chentsov.Stochastic_Processes
Kolmogorov_Chentsov.Holder_Continuous
Kolmogorov_Chentsov.Measure_Convergence
Quasi_Borel_Spaces.StandardBorel
Quasi_Borel_Spaces.QuasiBorel
Quasi_Borel_Spaces.Measure_QuasiBorel_Adjunction
Quasi_Borel_Spaces.Binary_Product_QuasiBorel
Quasi_Borel_Spaces.Product_QuasiBorel
Quasi_Borel_Spaces.Binary_CoProduct_QuasiBorel
Quasi_Borel_Spaces.CoProduct_QuasiBorel
Quasi_Borel_Spaces.Exponent_QuasiBorel
Quasi_Borel_Spaces.Probability_Space_QuasiBorel
Quasi_Borel_Spaces.Monad_QuasiBorel
Quasi_Borel_Spaces.Pair_QuasiBorel_Measure
Quasi_Borel_Spaces.Measure_as_QuasiBorel_Measure
Prim_Dijkstra_Simple.Common
Prim_Dijkstra_Simple.Undirected_Graph
Prim_Dijkstra_Simple.Undirected_Graph_Specs
Prim_Dijkstra_Simple.Undirected_Graph_Impl
Prim_Dijkstra_Simple.Prim_Abstract
Prim_Dijkstra_Simple.Directed_Graph
Prim_Dijkstra_Simple.Dijkstra_Abstract
Prim_Dijkstra_Simple.Directed_Graph_Specs
Prim_Dijkstra_Simple.Directed_Graph_Impl
Linear_Programming.More_Jordan_Normal_Forms
Linear_Programming.Matrix_LinPoly
Linear_Programming.LP_Preliminaries
Lovasz_Local.Digraph_Extensions
Lovasz_Local.Prob_Events_Extras
Lovasz_Local.Cond_Prob_Extensions
Lovasz_Local.Indep_Events
Lovasz_Local.Basic_Method
Lovasz_Local.Lovasz_Local_Lemma
Laplace_Transform.Laplace_Transform_Library
Laplace_Transform.Lerch_Lemma
Laplace_Transform.Piecewise_Continuous
Laplace_Transform.Existence
Laplace_Transform.Uniqueness
Nat-Interval-Logic.IL_Interval
Nat-Interval-Logic.IL_IntervalOperators
Nat-Interval-Logic.IL_TemporalOperators
Nash_Equilibrium.Mixed_Nash_Equilibrium
Skip_Lists.Misc
Skip_Lists.Pi_pmf
Stochastic_Matrices.Stochastic_Matrix
Stochastic_Matrices.Stochastic_Vector_PMF
Stochastic_Matrices.Eigenspace
Winding_Number_Eval.Missing_Topology
Timed_Automata.Stream_More
Timed_Automata.Graphs
Timed_Automata.CTL
Timed_Automata.Simulation_Graphs
Timed_Automata.Timed_Automata
Timed_Automata.Regions
Timed_Automata.Closure
Timed_Automata.TA_DBM_Operations
Timed_Automata.DBM_Zone_Semantics
Timed_Automata.Approx_Beta
Timed_Automata.Simulation_Graphs_TA
Timed_Automata.Normalized_Zone_Semantics
Abstract_Completeness.Abstract_Completeness
Incredible_Proof_Machine.Natural_Deduction
Incredible_Proof_Machine.Build_Incredible_Tree
Incredible_Proof_Machine.Incredible_Completeness
Incredible_Proof_Machine.Incredible_Correctness
Dirichlet_Series.Partial_Summation
Dirichlet_Series.Euler_Products
Ergodic_Theory.Fekete
Ergodic_Theory.SG_Library_Complement
Ergodic_Theory.Asymptotic_Density
Ergodic_Theory.ME_Library_Complement
Ergodic_Theory.Measure_Preserving_Transformations
Ergodic_Theory.Recurrence
Ergodic_Theory.Transfer_Operator
Ergodic_Theory.Invariants
Ergodic_Theory.Ergodicity
Ergodic_Theory.Kingman
Ergodic_Theory.Shift_Operator
Parity_Game.MoreCoinductiveList
Parity_Game.ParityGame
Parity_Game.Strategy
Parity_Game.WellOrderedStrategy
Parity_Game.WinningStrategy
Parity_Game.AttractingStrategy
Parity_Game.Attractor
Parity_Game.WinningRegion
Parity_Game.UniformStrategy
Parity_Game.AttractorStrategy
S_Finite_Measure_Monad.QuasiBorel
S_Finite_Measure_Monad.QBS_Morphism
LLL_Basis_Reduction.Missing_Lemmas
LLL_Basis_Reduction.Norms
CVP_Hardness.infnorm
LLL_Basis_Reduction.Int_Rat_Operations
LLL_Basis_Reduction.Gram_Schmidt_2
CVP_Hardness.Additional_Lemmas
LLL_Basis_Reduction.LLL
LLL_Basis_Reduction.Gram_Schmidt_Int
LLL_Basis_Reduction.LLL_Impl
LLL_Basis_Reduction.LLL_Certification
LLL_Basis_Reduction.LLL_Number_Bounds
CVP_Hardness.BHLE
Andrew_Monotone_Chain.Andrew_Monotone_Chain
Schoenhage_Strassen.NTT_Rings
Schoenhage_Strassen.FNTT_Rings
Root_Balanced_Tree.Root_Balanced_Tree
Discrete-UCB.MSc_Project_Discrete_Prop15_1
Discrete-UCB.Discrete_UCB_Step1
Discrete-UCB.Discrete_UCB_Step2
MDP-Rewards.MDP_cont
MDP-Rewards.MDP_disc
MDP-Rewards.Bounded_Functions
MDP-Rewards.Blinfun_Util
MDP-Rewards.MDP_reward_Util
MDP-Rewards.MDP_reward
Munta_Base.Temporal_Logics
Munta_Base.Subsumption_Graphs
Munta_Base.Sepref_Acconstraint
Munta_Base.TA_More
Munta_Base.TA_DBM_Operations_Impl
Rank_Nullity_Theorem.Mod_Type
Complex_Bounded_Operators.Complex_L2
Complex_Bounded_Operators.Cblinfun_Matrix
Complex_Bounded_Operators.Cblinfun_Code
Hilbert_Space_Tensor_Product.Misc_Tensor_Product_TTS
Hilbert_Space_Tensor_Product.HS2Ell2
FO_Theory_Rewriting.Type_Instances_Impl
FO_Theory_Rewriting.FOL_Extra
FO_Theory_Rewriting.FOR_Check
FO_Theory_Rewriting.NF_Impl
Affine_Arithmetic.Floatarith_Expression
Taylor_Models.Taylor_Models_Misc
Affine_Arithmetic.Straight_Line_Program
Affine_Arithmetic.Affine_Approximation
Taylor_Models.Taylor_Models
Affine_Arithmetic.Affine_Code
Affine_Arithmetic.Print
Affine_Arithmetic.Ex_Affine_Approximation
Affine_Arithmetic.Ex_Inter
Affine_Arithmetic.Ex_Ineqs
Affine_Arithmetic.Affine_Arithmetic
Gromov_Hyperbolicity.Library_Complements
Gromov_Hyperbolicity.Hausdorff_Distance
Gromov_Hyperbolicity.Isometries
Gromov_Hyperbolicity.Eexp_Eln
Gromov_Hyperbolicity.Metric_Completion
Gromov_Hyperbolicity.Gromov_Hyperbolicity
Gromov_Hyperbolicity.Gromov_Boundary
Gromov_Hyperbolicity.Morse_Gromov_Theorem
Gromov_Hyperbolicity.Boundary_Extension
Gromov_Hyperbolicity.Busemann_Function
Munta_Certificate_Checker.Simulation_Graphs2
Munta_Certificate_Checker.Graph_Library_Adaptor
Munta_Certificate_Checker.Simulation_Graphs_Certification
Lie_Groups.Transfer_Cayley_Hamilton
HOL-Complex_Analysis.Contour_Integration
HOL-Complex_Analysis.Cauchy_Integral_Theorem
HOL-Complex_Analysis.Winding_Numbers
HOL-Complex_Analysis.Cauchy_Integral_Formula
HOL-Complex_Analysis.Conformal_Mappings
HOL-Complex_Analysis.Great_Picard
HOL-Complex_Analysis.Riemann_Mapping
HOL-Complex_Analysis.Complex_Singularities
HOL-Complex_Analysis.Complex_Residues
HOL-Complex_Analysis.Residue_Theorem
HOL-Complex_Analysis.Laurent_Convergence
HOL-Complex_Analysis.Meromorphic
HOL-Complex_Analysis.Weierstrass_Factorization
HOL-Complex_Analysis.Complex_Analysis
Winding_Number_Eval.Missing_Algebraic
Winding_Number_Eval.Missing_Analysis
Winding_Number_Eval.Missing_Transcendental
Dirichlet_Series.Dirichlet_Series_Analysis
Winding_Number_Eval.Cauchy_Index_Theorem
Winding_Number_Eval.Winding_Number_Eval
CAVA_LTL_Modelchecker.CAVA_Impl
MDP-Algorithms.MDP_fin
MDP-Algorithms.Policy_Iteration
MDP-Algorithms.Value_Iteration
MDP-Algorithms.Modified_Policy_Iteration
MDP-Algorithms.Backward_Induction
MDP-Algorithms.Code_Setup
MDP-Algorithms.Fin_Code
MDP-Algorithms.VI_Code
MDP-Algorithms.Splitting_Methods
Quantifier_Elimination_Hybrid.Multiv_Poly_Props
Quantifier_Elimination_Hybrid.Multiv_Consistent_Sign_Assignments
Quantifier_Elimination_Hybrid.Multiv_Pseudo_Remainder_Sequence
Quantifier_Elimination_Hybrid.Hybrid_Multiv_Matrix
Quantifier_Elimination_Hybrid.Hybrid_Multiv_Algorithm
Quantifier_Elimination_Hybrid.Multiv_Tarski_Query
Probabilistic_System_Zoo.Probabilistic_Hierarchy
Probabilistic_System_Zoo.Vardi
Euler_MacLaurin.Euler_MacLaurin
Euler_MacLaurin.Euler_MacLaurin_Landau
CVM_Distinct_Elements.CVM_Preliminary
Gauss_Sums.Complex_Roots_Of_Unity
Gauss_Sums.Finite_Fourier_Series
Gauss_Sums.Ramanujan_Sums
Gauss_Sums.Gauss_Sums
Banach_Tarski.BT_Prelim
Banach_Tarski.Paradoxical_Decomposition
Banach_Tarski.Free_Action_Paradox
Banach_Tarski.Free_Group_F2
Banach_Tarski.F2_Paradox
Banach_Tarski.Free_Rotations_SO3
Banach_Tarski.Hausdorff_Paradox
Banach_Tarski.Sphere_Decomposition
Banach_Tarski.Ball_Decomposition
Quick_Sort_Cost.Randomised_Quick_Sort
Quick_Sort_Cost.Quick_Sort_Average_Case
Error_Function.Error_Function
Ordinary_Differential_Equations.Bounded_Linear_Operator
Ordinary_Differential_Equations.ODE_Auxiliarities
Ordinary_Differential_Equations.Multivariate_Taylor
Ordinary_Differential_Equations.Cones
Ordinary_Differential_Equations.MVT_Ex
Ordinary_Differential_Equations.Vector_Derivative_On
Ordinary_Differential_Equations.Interval_Integral_HK
Ordinary_Differential_Equations.Gronwall
Ordinary_Differential_Equations.Initial_Value_Problem
Ordinary_Differential_Equations.Picard_Lindeloef_Qualitative
Ordinary_Differential_Equations.Flow
Ordinary_Differential_Equations.Poincare_Map
Ordinary_Differential_Equations.Linear_ODE
Ordinary_Differential_Equations.Upper_Lower_Solution
Ordinary_Differential_Equations.Reachability_Analysis
Ordinary_Differential_Equations.Flow_Congs
Ordinary_Differential_Equations.ODE_Analysis
Applicative_Lifting.Applicative_PMF
Applicative_Lifting.Tree_Relabelling
HOL-Library.Library
Laws_of_Large_Numbers.Laws_of_Large_Numbers
Count_Complex_Roots.CC_Polynomials_Extra
Count_Complex_Roots.Extended_Sturm
Count_Complex_Roots.Count_Line
Count_Complex_Roots.Count_Half_Plane
Count_Complex_Roots.Count_Circle
Count_Complex_Roots.Count_Rectangle
Count_Complex_Roots.Count_Complex_Roots
Girth_Chromatic.Girth_Chromatic
Functional_Ordered_Resolution_Prover.Weighted_FO_Ordered_Resolution_Prover
Functional_Ordered_Resolution_Prover.Deterministic_FO_Ordered_Resolution_Prover
Probabilistic_While.Bernoulli
AutoFocus-Stream.ListSlice
AutoFocus-Stream.AF_Stream
AutoFocus-Stream.AF_Stream_Exec
AutoFocus-Stream.IL_AF_Stream
Theta_Functions.Theta_Functions_Library
Theta_Functions.Nome
Neural_Networks.NN_Common
Neural_Networks.Activation_Functions
Neural_Networks.NN_Layers
Neural_Networks.NN_Digraph_Main
Neural_Networks.NN_Lipschitz_Continuous
Neural_Networks.NN_Layers_List_Main
Neural_Networks.NN_Layers_Matrix_Main
Neural_Networks.NN_Layers_Main
Neural_Networks.NN_Main
Factor_Algebraic_Polynomial.Roots_of_Algebraic_Poly
Factor_Algebraic_Polynomial.Roots_of_Algebraic_Poly_Impl
Factor_Algebraic_Polynomial.Roots_of_Real_Complex_Poly
Factor_Algebraic_Polynomial.Factor_Complex_Poly
Hidden_Number_Problem.Misc_PMF
Ramsey_Bounds.Ramsey_Bounds
Treaps.Probability_Misc
Treaps.Random_List_Permutation
Sigmoid_Universal_Approximation.Limits_Higher_Order_Derivatives
Sigmoid_Universal_Approximation.Sigmoid_Definition
Sigmoid_Universal_Approximation.Derivative_Identities_Smoothness
Sigmoid_Universal_Approximation.Asymptotic_Qualitative_Properties
Sigmoid_Universal_Approximation.Universal_Approximation
Interpreter_Optimizations.Map_Extra
Interpreter_Optimizations.Env
Interpreter_Optimizations.Global
Interpreter_Optimizations.Inca
Interpreter_Optimizations.Inca_Verification
Interpreter_Optimizations.Std
Interpreter_Optimizations.Std_to_Inca_simulation
Interpreter_Optimizations.Unboxed
Interpreter_Optimizations.OpUbx
Interpreter_Optimizations.Unboxed_lemmas
Interpreter_Optimizations.Ubx
Interpreter_Optimizations.Ubx_Verification
Interpreter_Optimizations.Inca_to_Ubx_simulation
Echelon_Form.Rings2
Linear_Inequalities.Basis_Extension
Linear_Inequalities.Integral_Bounded_Vectors
Linear_Inequalities.Cone
Linear_Inequalities.Convex_Hull
Linear_Inequalities.Normal_Vector
Linear_Inequalities.Fundamental_Theorem_Linear_Inequalities
Linear_Inequalities.Farkas_Minkowsky_Weyl
Linear_Inequalities.Decomposition_Theorem
Linear_Inequalities.Mixed_Integer_Solutions
Linear_Inequalities.Farkas_Lemma
Hypergraph_Basics.Hypergraph_Variations
Combinatorial_Q_Analogues.More_Infinite_Products
Combinatorial_Q_Analogues.Q_Analogues
Combinatorial_Q_Analogues.Q_Pochhammer_Infinite
Combinatorial_Q_Analogues.Q_Binomial_Identities
Theta_Functions.Theta_Functions
Concentrated_Liquidity_Market_Making_Operations.CLMM_Misc
Concentrated_Liquidity_Market_Making_Operations.Grid_Information
Concentrated_Liquidity_Market_Making_Operations.CLMM_Description
Standard_Borel_Spaces.Lemmas_StandardBorel
Standard_Borel_Spaces.Set_Based_Metric_Space
Standard_Borel_Spaces.Set_Based_Metric_Product
Standard_Borel_Spaces.Abstract_Metrizable_Topology
Standard_Borel_Spaces.StandardBorel
Martingales.Conditional_Expectation_Banach
Martingales.Filtered_Measure
Martingales.Stochastic_Process
Martingales.Martingale
Lp.Functional_Spaces
Lp.Lp
Modular_arithmetic_LLL_and_HNF_algorithms.Storjohann_Mod_Operation
Modular_arithmetic_LLL_and_HNF_algorithms.Storjohann
Simple_Clause_Learning.Wellfounded_Extra
Bertrands_Postulate.Bertrand
Stirling_Formula.Stirling_Formula
Lambert_Series.Lambert_Series_Library
Lambert_Series.Summation_Tests_More
Lambert_Series.Number_Theoretic_Functions_Extras
Fourier.Periodic
Fourier.Fourier_Aux2
Fourier.Lspace
Fourier.Square_Integrable
Abstract_Soundness.Finite_Proof_Soundness
DiscretePricing.Generated_Subalgebra
DiscretePricing.Disc_Cond_Expect
DiscretePricing.Filtration
DiscretePricing.Infinite_Coin_Toss_Space
DiscretePricing.Geometric_Random_Walk
DiscretePricing.Martingale
DiscretePricing.Fair_Price
DiscretePricing.CRR_Model
BenOr_Kozen_Reif.BKR_Decision
BenOr_Kozen_Reif.Renegar_Decision
Quantifier_Elimination_Hybrid.Renegar_Modified
Quantifier_Elimination_Hybrid.Hybrid_Multiv_Matrix_Proofs
GaleStewart_Games.MoreCoinductiveList2
GaleStewart_Games.MorePrefix
GaleStewart_Games.AlternatingLists
GaleStewart_Games.MoreENat
GaleStewart_Games.GaleStewartGames
GaleStewart_Games.GaleStewartDefensiveStrategies
Deep_Learning.Lebesgue_Functional
Deep_Learning.Lebesgue_Zero_Set
Akra_Bazzi.Master_Theorem
Akra_Bazzi.Akra_Bazzi_Method
Akra_Bazzi.Akra_Bazzi_Approximation
Given_Clause_Loops.Given_Clause_Loops_Util
Given_Clause_Loops.Prover_Queue
Given_Clause_Loops.Prover_Lazy_List_Queue
Priority_Queue_Braun.Priority_Queue_Braun
Markov_Models.Markov_Models_Auxiliary
Markov_Models.Discrete_Time_Markov_Process
Markov_Models.Discrete_Time_Markov_Chain
Markov_Models.Markov_Decision_Process
Markov_Models.Continuous_Time_Markov_Chain
Markov_Models.MDP_Reachability_Problem
Markov_Models.Trace_Space_Equals_Markov_Processes
Markov_Models.Classifying_Markov_Chain_States
Markov_Models.Markov_Models
Smooth_Manifolds.Analysis_More
Smooth_Manifolds.Chart
Smooth_Manifolds.Topological_Manifold
Smooth_Manifolds.Smooth
Smooth_Manifolds.Bump_Function
Smooth_Manifolds.Differentiable_Manifold
Smooth_Manifolds.Product_Manifold
Smooth_Manifolds.Partition_Of_Unity
Smooth_Manifolds.Tangent_Space
Smooth_Manifolds.Cotangent_Space
Green.General_Utils
Green.Integrals
Green.Derivs
Green.Paths
Green.Green
Green.SymmetricR2Shapes
List_Update.Prob_Theory
List_Update.Competitive_Analysis
List_Update.Move_to_Front
List_Update.Partial_Cost_Model
List_Update.MTF2_Effects
List_Update.OPT2
List_Update.Phase_Partitioning
List_Update.List_Factoring
List_Update.TS
List_Update.BIT
List_Update.BIT_2comp_on2
List_Update.BIT_pairwise
Hyperdual.TwiceFieldDifferentiable
Hyperdual.Hyperdual
Hyperdual.HyperdualFunctionExtension
S_Finite_Measure_Monad.Lemmas_S_Finite_Measure_Monad
S_Finite_Measure_Monad.Measure_QuasiBorel_Adjunction
S_Finite_Measure_Monad.Kernels
S_Finite_Measure_Monad.Monad_QuasiBorel
CRYSTALS-Kyber_Security.Delta_Correct
HOL-ODE-Numerics.Transfer_Analysis
HOL-ODE-Numerics.Transfer_ODE
HOL-ODE-Numerics.GenCF_No_Comp
HOL-ODE-Numerics.One_Step_Method
HOL-ODE-Numerics.Runge_Kutta
HOL-ODE-Numerics.Refine_Dflt_No_Comp
HOL-ODE-Numerics.Autoref_Misc
HOL-ODE-Numerics.Weak_Set
HOL-ODE-Numerics.Enclosure_Operations
HOL-ODE-Numerics.Refine_Vector_List
HOL-ODE-Numerics.Refine_Default
HOL-ODE-Numerics.Refine_Hyperplane
HOL-ODE-Numerics.Refine_String
HOL-ODE-Numerics.Refine_Parallel
HOL-ODE-Numerics.Transfer_Euclidean_Space_Vector
HOL-ODE-Numerics.Refine_Folds
HOL-ODE-Numerics.Refine_Unions
HOL-ODE-Numerics.Refine_Phantom
HOL-ODE-Numerics.Refine_Info
HOL-ODE-Numerics.Refine_Intersection
HOL-ODE-Numerics.Refine_Invar
HOL-ODE-Numerics.Refine_Interval
HOL-ODE-Numerics.Abstract_Rigorous_Numerics
HOL-ODE-Numerics.Refine_Rigorous_Numerics
HOL-ODE-Numerics.Concrete_Rigorous_Numerics
HOL-ODE-Numerics.Refine_Rigorous_Numerics_Aform
HOL-ODE-Numerics.Abstract_Reachability_Analysis
HOL-ODE-Numerics.Refine_Reachability_Analysis
HOL-ODE-Numerics.Refine_ScaleR2
HOL-ODE-Numerics.Concrete_Reachability_Analysis
HOL-ODE-Numerics.Abstract_Reachability_Analysis_C1
HOL-ODE-Numerics.Refine_Reachability_Analysis_C1
HOL-ODE-Numerics.Concrete_Reachability_Analysis_C1
HOL-ODE-Numerics.Init_ODE_Solver
HOL-ODE-Numerics.Example_Utilities
HOL-ODE-Numerics.ODE_Numerics
Smith_Normal_Form.Rings2_Extended
Smith_Normal_Form.Finite_Field_Mod_Type_Connection
Schwartz_Zippel.Schwartz_Zippel
MDP-Algorithms.Splitting_Methods_Fin
MDP-Algorithms.GS_Code
MDP-Algorithms.Blinfun_To_Matrix
MDP-Algorithms.Policy_Iteration_Fin
MDP-Algorithms.PI_Code
MDP-Algorithms.MPI_Code
Cubic_Quartic_Equations.Complex_Roots
Cubic_Quartic_Equations.Ferraris_Formula
Cubic_Quartic_Equations.Cardanos_Formula
Cubic_Quartic_Equations.Cubic_Polynomials
Linear_Recurrences_Solver.Linear_Recurrences_Solver
Differential_Dynamic_Logic.Lib
Differential_Dynamic_Logic.Pretty_Printer
Differential_Dynamic_Logic.Denotational_Semantics
Differential_Dynamic_Logic.Axioms
Differential_Dynamic_Logic.Frechet_Correctness
Differential_Dynamic_Logic.Static_Semantics
Differential_Dynamic_Logic.USubst
Differential_Dynamic_Logic.Coincidence
Differential_Dynamic_Logic.Bound_Effect
Differential_Dynamic_Logic.Differential_Axioms
Differential_Dynamic_Logic.USubst_Lemma
Differential_Dynamic_Logic.Uniform_Renaming
Differential_Dynamic_Logic.Proof_Checker
Monomorphic_Monad.Monomorphic_Monad
Density_Compiler.Density_Predicates
Density_Compiler.PDF_Values
Density_Compiler.PDF_Semantics
Density_Compiler.PDF_Density_Contexts
Density_Compiler.PDF_Target_Semantics
Density_Compiler.PDF_Transformations
Density_Compiler.PDF_Target_Density_Contexts
Density_Compiler.PDF_Compiler_Pred
Projective_Measurements.Linear_Algebra_Complements
Projective_Measurements.Projective_Measurements
Projective_Measurements.CHSH_Inequality
CryptHOL.SPMF_Applicative
FOL_Seq_Calc3.Prover
FOL_Seq_Calc3.Soundness
FOL_Seq_Calc3.Completeness
Lebesgue_Stieltjes_Integral.Preliminaries_LSI
Random_BSTs.Random_BSTs
Treaps.Treap_Sort_and_BSTs
Hidden_Markov_Models.Hidden_Markov_Model
Hidden_Markov_Models.HMM_Implementation
Elliptic_Functions.Parallelogram_Paths
Elliptic_Functions.Modular_Group
Elliptic_Functions.Z_Plane_Q_Disc
Elliptic_Functions.Complex_Lattices
Elliptic_Functions.Modular_Fundamental_Region
Elliptic_Functions.Elliptic_Functions
Elliptic_Functions.Weierstrass_Elliptic
MFOTL_Checker.Trace
MFOTL_Checker.Regex
MFOTL_Checker.Regex_Proof_System
MFOTL_Checker.Regex_Proof_Object
MFOTL_Checker.Regex_Checker
MFOTL_Checker.Formula
MFOTL_Checker.Proof_Object
MFOTL_Checker.Proof_System
MFOTL_Checker.Checker
MFOTL_Checker.Checker_Code
MFOTL_Checker.Monitor
Zeta_Function.Zeta_Library
MFODL_Monitor_Optimized.Formula
MFODL_Monitor_Optimized.Monitor
MFODL_Monitor_Optimized.Optimized_MTL
MFODL_Monitor_Optimized.Monitor_Impl
Path_Automation.Path_Automation_Library
Path_Automation.Path_Equivalence
Finite_Fields.Finite_Fields_More_PMF
Disintegration.Lemmas_Disintegration
LLL_Factorization.Factor_Bound_2
LLL_Factorization.LLL_Factorization_Impl
LLL_Factorization.LLL_Factorization
LLL_Factorization.Factorization_Algorithm_16_22
Actuarial_Mathematics.Preliminaries
Actuarial_Mathematics.Survival_Model
Actuarial_Mathematics.Life_Table
Coppersmith_Method.More_LLL
Coppersmith_Method.Coppersmith_Algorithm
Coppersmith_Method.Howgrave_Graham
Coppersmith_Method.Coppersmith_Generic
Coppersmith_Method.Coppersmith
Coppersmith_Method.Towards_Coppersmith
Babai_Nearest_Plane.Babai_Algorithm
Babai_Nearest_Plane.Babai_Correct
Hidden_Number_Problem.Hidden_Number_Problem
Sumcheck_Protocol.Probability_Tools
Sumcheck_Protocol.Public_Coin_Proofs
Sumcheck_Protocol.Sumcheck_Protocol
Sumcheck_Protocol.Soundness_Proof
Sumcheck_Protocol.Completeness_Proof
Sumcheck_Protocol.Sumcheck_as_Public_Coin_Proof
Poincare_Bendixson.Analysis_Misc
Poincare_Bendixson.ODE_Misc
Poincare_Bendixson.Invariance
Poincare_Bendixson.Limit_Set
Poincare_Bendixson.Periodic_Orbit
Poincare_Bendixson.Poincare_Bendixson
Poincare_Bendixson.Affine_Arithmetic_Misc
Bernoulli.Bernoulli_Zeta
Zeta_Function.Zeta_Function
Zeta_Function.Zeta_Laurent_Expansion
Probabilistic_Prime_Tests.Generalized_Primality_Test
Worklist_Algorithms.Worklist_Algorithms_Subsumption_Graphs
Worklist_Algorithms.Worklist_Locales
Worklist_Algorithms.Worklist_Common
Worklist_Algorithms.Liveness_Subsumption
Worklist_Algorithms.Liveness_Subsumption_Map
Worklist_Algorithms.Liveness_Subsumption_Impl
Worklist_Algorithms.Unified_PW
Worklist_Algorithms.Unified_PW_Hashing
Worklist_Algorithms.Unified_PW_Impl
Worklist_Algorithms.Worklist_Subsumption_Multiset
Worklist_Algorithms.Worklist_Subsumption1
Worklist_Algorithms.Worklist_Subsumption_Impl1
Worklist_Algorithms.Leadsto
Worklist_Algorithms.Leadsto_Map
Worklist_Algorithms.Leadsto_Impl
Interval_Analysis.Interval_Utilities
Interval_Analysis.Interval_Division_Non_Zero
Interval_Analysis.Inclusion_Isotonicity
Interval_Analysis.Interval_Division_Real
Interval_Analysis.Multi_Interval_Preliminaries
Interval_Analysis.Multi_Interval_Adjacent
Interval_Analysis.Multi_Interval_Overlapping
Interval_Analysis.Lipschitz_Interval_Extension
Interval_Analysis.Lipschitz_Subdivisions_Refinements
Interval_Analysis.Extended_Interval_Division
Polylog.Polylog
Neumann_Morgenstern_Utility.PMF_Composition
Neumann_Morgenstern_Utility.Lotteries
Neumann_Morgenstern_Utility.Neumann_Morgenstern_Utility_Theorem
Executable_Randomized_Algorithms.Randomized_Algorithm_Internal
Executable_Randomized_Algorithms.Randomized_Algorithm
Executable_Randomized_Algorithms.Tracking_Randomized_Algorithm
Executable_Randomized_Algorithms.Tracking_SPMF
Clique_and_Monotone_Circuits.Assumptions_and_Approximations
Picks_Theorem.Polygon_Jordan_Curve
Picks_Theorem.Polygon_Lemmas
Picks_Theorem.Linepath_Collinearity
Picks_Theorem.Polygon_Convex_Lemmas
Picks_Theorem.Triangle_Lemmas
Picks_Theorem.Polygon_Splitting
Picks_Theorem.Unit_Geometry
Picks_Theorem.Elementary_Triangle_Area
Universal_Hash_Families.Universal_Hash_Families
Universal_Hash_Families.Universal_Hash_Families_More_Independent_Families
Universal_Hash_Families.Carter_Wegman_Hash_Family
Saturation_Framework.Calculus
Saturation_Framework.Calculus_Variations
Saturation_Framework.Intersection_Calculus
Saturation_Framework.Lifting_to_Non_Ground_Calculi
Saturation_Framework.Labeled_Lifting_to_Non_Ground_Calculi
Saturation_Framework.Given_Clause_Architectures
Munta_Base.Normalized_Zone_Semantics_Impl
Munta_Base.Normalized_Zone_Semantics_Impl_Semantic_Refinement
Munta_Base.Normalized_Zone_Semantics_Impl_Refine
Lambert_Series.Lambert_Series
Splitting_Framework.Light_Lifting_to_Non_Ground_Calculi
Splitting_Framework.Disjunctive_Consequence_Relations
Splitting_Framework.Calculi_And_Annotations
Splitting_Framework.Modular_Splitting_Calculus
Random_Graph_Subgraph_Threshold.Ugraph_Misc
Random_Graph_Subgraph_Threshold.Prob_Lemmas
Random_Graph_Subgraph_Threshold.Ugraph_Lemmas
Random_Graph_Subgraph_Threshold.Ugraph_Properties
Random_Graph_Subgraph_Threshold.Subgraph_Threshold
Safe_Distance.Safe_Distance
Tree_Enumeration.Tree_Graph
Tree_Enumeration.Rooted_Tree
Hahn_Jordan_Decomposition.Extended_Reals_Sums_Compl
Hahn_Jordan_Decomposition.Hahn_Jordan_Prelims
Catalan_Numbers.Catalan_Auxiliary_Integral
Catalan_Numbers.Catalan_Numbers
Riesz_Representation.Urysohn_Locally_Compact_Hausdorff
Riesz_Representation.Regular_Measure
Riesz_Representation.Riesz_Representation
DP_QBS.DP_QBS
Randomised_Social_Choice.Lotteries
Randomised_Social_Choice.Utility_Functions
Randomised_Social_Choice.Stochastic_Dominance
Randomised_Social_Choice.SD_Efficiency
Randomised_Social_Choice.Social_Decision_Schemes
Randomised_Social_Choice.SDS_Automation
Randomised_Social_Choice.Random_Dictatorship
Randomised_Social_Choice.SDS_Lowering
Randomised_Social_Choice.Random_Serial_Dictatorship
Randomised_Social_Choice.Randomised_Social_Choice
Munta_Model_Checker.UPPAAL_Asm_Clocks
Munta_Model_Checker.Networks
Munta_Model_Checker.State_Networks
Munta_Model_Checker.TA_More2
Munta_Model_Checker.Deadlock
Munta_Model_Checker.UPPAAL_State_Networks
Munta_Model_Checker.UPPAAL_State_Networks_Impl
Munta_Model_Checker.Program_Analysis
Munta_Model_Checker.Simple_Network_Language
Munta_Model_Checker.Deadlock_Impl
Munta_Model_Checker.TA_Equivalences
Munta_Model_Checker.Simple_Network_Language_Impl
Munta_Model_Checker.UPPAAL_State_Networks_Impl_Refine
Munta_Model_Checker.UPPAAL_Model_Checking
Munta_Model_Checker.Deadlock_Checking
Munta_Model_Checker.Simple_Network_Language_Impl_Refine
Munta_Model_Checker.Simple_Network_Language_Model_Checking
Munta_Model_Checker.Simple_Network_Language_Deadlock_Checking
Munta_Model_Checker.Simple_Network_Language_Renaming
Munta_Model_Checker.Simple_Network_Language_Export_Code
FOL_Seq_Calc2.Prover
FOL_Seq_Calc2.Hintikka
FOL_Seq_Calc2.ProverLemmas
FOL_Seq_Calc2.Soundness
FOL_Seq_Calc2.Countermodel
FOL_Seq_Calc2.EPathHintikka
FOL_Seq_Calc2.Completeness
Lorenz_Approximation.Result_Elements
Lorenz_Approximation.Result_File_Coarse
Lorenz_Approximation.Lorenz_Approximation
Frequency_Moments.Frequency_Moments_Preliminary_Results
Frequency_Moments.K_Smallest
Frequency_Moments.Frequency_Moments
Monad_Normalisation.Monad_Normalisation
MFMC_Countable.MFMC_Misc
MFMC_Countable.MFMC_Network
MFMC_Countable.Matrix_For_Marginals
MFMC_Countable.MFMC_Flow_Attainability
MFMC_Countable.Rel_PMF_Characterisation
MFMC_Countable.MFMC_Web
MFMC_Countable.MFMC_Reduction
MFMC_Countable.MFMC_Unbounded
MFMC_Countable.MFMC_Bounded
Kummer_Congruence.Kummer_Library
Kummer_Congruence.Rat_Congruence
Kummer_Congruence.Voronoi_Congruence
Kummer_Congruence.Kummer_Congruence
Kummer_Congruence.Regular_Primes
Cotangent_PFD_Formula.Cotangent_PFD_Formula
Concentration_Inequalities.Concentration_Inequalities_Preliminary
Concentration_Inequalities.McDiarmid_Inequality
Universal_Hash_Families.Universal_Hash_Families_More_Product_PMF
Concentration_Inequalities.Paley_Zygmund_Inequality
Universal_Hash_Families.Pseudorandom_Objects
Concentration_Inequalities.Bienaymes_Identity
Frequency_Moments.Probability_Ext
Median_Method.Median
Probabilistic_Noninterference.Interface
Probabilistic_Noninterference.Language_Semantics
Probabilistic_Noninterference.Resumption_Based
Probabilistic_Noninterference.Compositionality
Probabilistic_Noninterference.Syntactic_Criteria
Hilbert_Space_Tensor_Product.Positive_Operators
Hilbert_Space_Tensor_Product.Weak_Operator_Topology
Hilbert_Space_Tensor_Product.Eigenvalues
Hilbert_Space_Tensor_Product.Compact_Operators
Hilbert_Space_Tensor_Product.Spectral_Theorem
Hilbert_Space_Tensor_Product.Trace_Class
Hilbert_Space_Tensor_Product.Weak_Star_Topology
Hilbert_Space_Tensor_Product.Hilbert_Space_Tensor_Product
Hilbert_Space_Tensor_Product.Von_Neumann_Algebras
Hilbert_Space_Tensor_Product.Partial_Trace
Hilbert_Space_Tensor_Product.Tensor_Product_Code
Hybrid_Systems_VCs.HS_Preliminaries
Hybrid_Systems_VCs.HS_ODEs
Hybrid_Systems_VCs.HS_VC_Spartan
Hybrid_Systems_VCs.HS_VC_KAT_rel
Hybrid_Systems_VCs.HS_VC_MKA_ndfun
Hybrid_Systems_VCs.HS_VC_MKA_rel
Hybrid_Systems_VCs.HS_VC_KAT_ndfun
Hybrid_Systems_VCs.HS_VC_PT
Saturation_Framework_Extensions.Standard_Redundancy_Criterion
Saturation_Framework_Extensions.Soundness
Saturation_Framework_Extensions.Clausal_Calculus
Saturation_Framework_Extensions.FO_Ordered_Resolution_Prover_Revisited
Munta_Certificate_Checker.Unreachability_Misc
Munta_Certificate_Checker.Normalized_Zone_Semantics_Certification
Munta_Certificate_Checker.Unreachability_Certification2
Munta_Certificate_Checker.Unreachability_Certification
Munta_Certificate_Checker.Normalized_Zone_Semantics_Certification_Impl
Munta_Certificate_Checker.Extract_Certificate
Munta_Certificate_Checker.Simple_Network_Language_Certificate
Munta_Certificate_Checker.Simple_Network_Language_Certificate_Checking
Munta_Certificate_Checker.Simple_Network_Language_Certificate_Code
E_Transcendental.E_Transcendental
Levy_Prokhorov_Metric.Lemmas_Levy_Prokhorov
Levy_Prokhorov_Metric.General_Weak_Convergence
Levy_Prokhorov_Metric.Alaoglu_Theorem
Levy_Prokhorov_Metric.Levy_Prokhorov_Distance
Levy_Prokhorov_Metric.Prokhorov_Theorem
Combinatorial_Q_Analogues.Euler_Function
Stochastic_Matrices.Stochastic_Matrix_Markov_Models
Negative_Association.Negative_Association_Util
Negative_Association.Negative_Association_FKG_Inequality
Negative_Association.Negative_Association_Definition
Negative_Association.Negative_Association_Permutation_Distributions
Skip_Lists.Geometric_PMF
Hypergraph_Colourings.Hypergraph_Colourings
Hypergraph_Colourings.Basic_Bounds_Application
Hypergraph_Colourings.LLL_Applications
Dirichlet_Series.Arithmetic_Summatory_Asymptotics
Lie_Groups.Linear_Algebra_More
Lie_Groups.More_Manifolds
Lie_Groups.Smooth_Vector_Fields
Lie_Groups.Manifold_Lie_Bracket
Lie_Groups.Lie_Group
Kraus_Maps.Misc_Kraus_Maps
Kraus_Maps.Kraus_Families
Kraus_Maps.Kraus_Maps
Doob_Convergence.Stopping_Time
Doob_Convergence.Upcrossing
Commuting_Hermitian.Spectral_Theory_Complements
Commuting_Hermitian.Commuting_Hermitian
Matrices_for_ODEs.MTX_Preliminaries
Matrices_for_ODEs.MTX_Norms
Matrices_for_ODEs.SQ_MTX
Matrices_for_ODEs.MTX_Flows
Dirichlet_L.Dirichlet_L_Functions
Dirichlet_L.Dirichlet_Theorem
Theta_Functions.Jacobi_Triple_Product
Theta_Functions.Theta_Nullwert
Unconstrained_Optimization.Auxilary_Facts
Unconstrained_Optimization.Minimizers_Definition
Unconstrained_Optimization.First_Order_Conditions
Unconstrained_Optimization.Second_Derivative_Test
Unconstrained_Optimization.Cont_Nonisolated_Strict_Local_Minimizer_Exists
Elliptic_Functions.Eisenstein_Series
Elliptic_Functions.Basic_Modular_Forms
Elliptic_Functions.Theta_Inversion
First_Order_Clause.Literal_Functor
First_Order_Clause.Uprod_Literal_Functor
First_Order_Clause.Clause_Typing_Generic
First_Order_Clause.Clause_Typing_With_Equality
First_Order_Clause.Nonground_Clause_Generic
First_Order_Clause.Nonground_Clause
First_Order_Clause.Nonground_Typing_Generic
First_Order_Clause.Tiebreakers
First_Order_Clause.Clause_Typing
First_Order_Clause.Nonground_Typing
First_Order_Clause.Nonground_Clause_With_Equality
First_Order_Clause.Nonground_Typing_With_Equality
First_Order_Clause.Nonground_Entailment
First_Order_Clause.Inference_Functor
First_Order_Clause.Nonground_Inference
First_Order_Clause.Maximal_Literal
First_Order_Clause.Term_Order_Lifting
First_Order_Clause.Ground_Order_Generic
First_Order_Clause.Selection_Function_Select_Max
First_Order_Clause.Ground_Order_With_Equality
First_Order_Clause.Nonground_Order_Generic
First_Order_Clause.Nonground_Order_With_Equality
First_Order_Clause.Untyped_Calculus
First_Order_Clause.Ground_Order
First_Order_Clause.Nonground_Order
First_Order_Clause.IsaFoR_Nonground_Clause
First_Order_Clause.Nonground_Selection_Function
First_Order_Clause.Grounded_Selection_Function
First_Order_Clause.Typed_Tiebreakers
First_Order_Clause.IsaFoR_Nonground_Clause_With_Equality
First_Order_Clause.IsaFoR_KBO
Pi_Transcendental.Pi_Transcendental
Probabilistic_Timed_Automata.MDP_Aux
Probabilistic_Timed_Automata.Lib
Probabilistic_Timed_Automata.PTA
Expander_Graphs.Constructive_Chernoff_Bound
Expander_Graphs.Expander_Graphs_Eigenvalues
Expander_Graphs.Expander_Graphs_Walks
Expander_Graphs.Expander_Graphs_Power_Construction
Expander_Graphs.Expander_Graphs_Strongly_Explicit
Expander_Graphs.Pseudorandom_Objects_Expander_Walks
Typed_Ordered_Resolution.Untyped_Ordered_Resolution
Typed_Ordered_Resolution.Ground_Ordered_Resolution
Typed_Ordered_Resolution.Ordered_Resolution
Typed_Ordered_Resolution.Monomorphic_Ordered_Resolution
Typed_Ordered_Resolution.Grounded_Ordered_Resolution
Typed_Ordered_Resolution.Untyped_Ordered_Resolution_Inference_System
Typed_Ordered_Resolution.Ordered_Resolution_Soundness
Typed_Ordered_Resolution.Ground_Ordered_Resolution_Completeness
Typed_Ordered_Resolution.Ordered_Resolution_Completeness
Given_Clause_Loops.More_Given_Clause_Architectures
Given_Clause_Loops.DISCOUNT_Loop
Given_Clause_Loops.Zipperposition_Loop
Given_Clause_Loops.Fair_Zipperposition_Loop
Given_Clause_Loops.Fair_Zipperposition_Loop_without_Ghosts
Given_Clause_Loops.Fair_DISCOUNT_Loop
Given_Clause_Loops.Otter_Loop
Given_Clause_Loops.iProver_Loop
Given_Clause_Loops.Fair_Otter_Loop_Def
Given_Clause_Loops.Fair_iProver_Loop
Given_Clause_Loops.Fair_Otter_Loop_Complete
SCL_Simulates_Ground_Resolution.Ground_Ordered_Resolution
Approximate_Model_Counting.ApproxMCPreliminaries
Approximate_Model_Counting.ApproxMCCore
Approximate_Model_Counting.RandomXOR
Approximate_Model_Counting.RandomXORHashFamily
Approximate_Model_Counting.ApproxMCCoreAnalysis
Approximate_Model_Counting.ApproxMCAnalysis
Approximate_Model_Counting.CertCheck
Coproduct_Measure.Lemmas_Coproduct_Measure
Coproduct_Measure.Coproduct_Measure
Interval_Analysis.Multi_Interval_Non_Overlapping
Interval_Analysis.Multi_Interval
Interval_Analysis.Extended_Multi_Interval_Division_Core
Interval_Analysis.Extended_Multi_Interval_Division_Non_Overlapping
Interval_Analysis.Extended_Multi_Interval_Division_Overlapping
Interval_Analysis.Extended_Multi_Interval_Division_Adjacent
Interval_Analysis.Extended_Multi_Interval_Division
Superposition_Calculus.Ground_Superposition
Superposition_Calculus.Typed_Ground_Superposition
Superposition_Calculus.Untyped_Superposition
Superposition_Calculus.Ground_Superposition_Completeness
Superposition_Calculus.Superposition
Superposition_Calculus.Superposition_Welltypedness_Preservation
Superposition_Calculus.Monomorphic_Superposition
Superposition_Calculus.Grounded_Superposition
Superposition_Calculus.Untyped_Superposition_Inference_System
Superposition_Calculus.Superposition_Soundness
Superposition_Calculus.Superposition_Completeness
Three_Squares.Three_Squares
Rank_Nullity_Theorem.Miscellaneous
Rank_Nullity_Theorem.Fundamental_Subspaces
Rank_Nullity_Theorem.Dim_Formula
Distributed_Distinct_Elements.Distributed_Distinct_Elements_Preliminary
Distributed_Distinct_Elements.Distributed_Distinct_Elements_Balls_and_Bins
Distributed_Distinct_Elements.Distributed_Distinct_Elements_Tail_Bounds
Karatsuba.Karatsuba_Runtime_Lemmas
Karatsuba.Nat_LSBF_TM
Karatsuba.Karatsuba_TM
Schoenhage_Strassen.Schoenhage_Strassen_Runtime_Preliminaries
Schoenhage_Strassen.Z_mod_power_of_2
Schoenhage_Strassen.Z_mod_Fermat
Schoenhage_Strassen.Schoenhage_Strassen
Schoenhage_Strassen.Z_mod_power_of_2_TM
Schoenhage_Strassen.Z_mod_Fermat_TM
Derandomization_Conditional_Expectations.Derandomization_Conditional_Expectations_Preliminary
Derandomization_Conditional_Expectations.Derandomization_Conditional_Expectations_Cut
Closest_Pair_Points.Common
Pentagonal_Number_Theorem.Partition_Function
Pentagonal_Number_Theorem.Pentagonal_Number_Theorem
Elliptic_Functions.Dedekind_Eta
Pentagonal_Number_Theorem.Partition_Number_Imperative
Diagonal_Ramsey.Neighbours
Diagonal_Ramsey.Book
Diagonal_Ramsey.Big_Blue_Steps
Diagonal_Ramsey.Red_Steps
Diagonal_Ramsey.Bounding_Y
Diagonal_Ramsey.Bounding_X
Diagonal_Ramsey.Zigzag
Diagonal_Ramsey.Far_From_Diagonal
Diagonal_Ramsey.Closer_To_Diagonal
Diagonal_Ramsey.From_Diagonal
Randomized_Closest_Pair.Randomized_Closest_Pair
Randomized_Closest_Pair.Randomized_Closest_Pair_Correct
Randomized_Closest_Pair.Randomized_Closest_Pair_Growth
Probabilistic_While.While_SPMF
Probabilistic_While.Geometric
TsirelsonBound.Tensor_Mat_Compl_Properties
TsirelsonBound.Matrix_L2_Operator_Norm
TsirelsonBound.Density_Matrix_Basics
Gauss_Jordan.Rank
Gauss_Jordan.Elementary_Operations
Gauss_Jordan.Rref
Gauss_Jordan.Gauss_Jordan
Gauss_Jordan.Matrix_To_IArray
Gauss_Jordan.Linear_Maps
Gauss_Jordan.Gauss_Jordan_PA
Gauss_Jordan.Inverse
Gauss_Jordan.Determinants2
Gauss_Jordan.Bases_Of_Fundamental_Subspaces
Gauss_Jordan.System_Of_Equations
Gauss_Jordan.Examples_Gauss_Jordan_Abstract
Gauss_Jordan.Gauss_Jordan_IArrays
Gauss_Jordan.Determinants_IArrays
Gauss_Jordan.Gauss_Jordan_PA_IArrays
Gauss_Jordan.Inverse_IArrays
Gauss_Jordan.Bases_Of_Fundamental_Subspaces_IArrays
QR_Decomposition.Miscellaneous_QR
QR_Decomposition.Projections
QR_Decomposition.Matrix_To_IArray_QR
QR_Decomposition.Gram_Schmidt
QR_Decomposition.QR_Decomposition
Finite_Fields.Find_Irreducible_Poly
Universal_Hash_Families.Pseudorandom_Objects_Hash_Families
Distributed_Distinct_Elements.Distributed_Distinct_Elements_Inner_Algorithm
Distributed_Distinct_Elements.Distributed_Distinct_Elements_Accuracy_Without_Cutoff
Distributed_Distinct_Elements.Distributed_Distinct_Elements_Cutoff_Level
Distributed_Distinct_Elements.Distributed_Distinct_Elements_Accuracy
Prime_Number_Theorem.Prime_Number_Theorem_Library
Prime_Number_Theorem.Newman_Ingham_Tauberian
Prime_Number_Theorem.Prime_Counting_Functions
Prime_Number_Theorem.Mertens_Theorems
Prime_Number_Theorem.Prime_Number_Theorem
Prime_Distribution_Elementary.Prime_Distribution_Elementary_Library
Prime_Distribution_Elementary.Primorial
Prime_Distribution_Elementary.Lcm_Nat_Upto
Prime_Distribution_Elementary.More_Dirichlet_Misc
Prime_Distribution_Elementary.Shapiro_Tauberian
Prime_Distribution_Elementary.Elementary_Prime_Bounds
Prime_Distribution_Elementary.Partial_Zeta_Bounds
Prime_Distribution_Elementary.Moebius_Mu_Sum
Prime_Distribution_Elementary.PNT_Consequences
Balog_Szemeredi_Gowers.Graph_Theory_Preliminaries
Balog_Szemeredi_Gowers.Prob_Space_Lemmas
Balog_Szemeredi_Gowers.Balog_Szemeredi_Gowers_Main_Proof
Polygonal_Number_Theorem.Polygonal_Number_Theorem_Lemmas
Polygonal_Number_Theorem.Polygonal_Number_Theorem_Gauss
Set_Reconciliation.Rational_Function_Interpolation
CryptHOL.Misc_CryptHOL
CVM_Distinct_Elements.CVM_Abstract_Algorithm
Chebyshev_Prime_Bounds.Chebyshev_Prime_Exhaust
CryptHOL.Resumption
CryptHOL.List_Bits
CryptHOL.Generat
CryptHOL.Generative_Probabilistic_Value
CryptHOL.Computational_Model
CryptHOL.GPV_Applicative
CryptHOL.GPV_Expectation
CryptHOL.GPV_Bisim
CryptHOL.CryptHOL
Echelon_Form.Cayley_Hamilton_Compatible
Echelon_Form.Echelon_Form
Echelon_Form.Echelon_Form_Det
Echelon_Form.Code_Cayley_Hamilton
Echelon_Form.Echelon_Form_IArrays
Echelon_Form.Echelon_Form_Det_IArrays
Echelon_Form.Code_Cayley_Hamilton_IArrays
Echelon_Form.Echelon_Form_Inverse
Echelon_Form.Echelon_Form_Inverse_IArrays
Echelon_Form.Examples_Echelon_Form_Abstract
Two_Hermitian_Results.Misc_Matrix_Results
Two_Hermitian_Results.Cauchy_Eigenvalue_Interlacing
Registers.Misc
Registers.Quantum
Registers.Axioms_Quantum
Registers.Laws_Quantum
Registers.Quantum_Extra
Registers.Axioms_Complement_Quantum
Registers.Laws_Complement_Quantum
Registers.Quantum_Extra2
Registers.Pure_States
Registers.QHoare
Simple_Clause_Learning.SCL_FOL
Simple_Clause_Learning.Correct_Termination
Simple_Clause_Learning.Initial_Literals_Generalize_Learned_Literals
Simple_Clause_Learning.Non_Redundancy
Simple_Clause_Learning.Termination
Hermite.Hermite
Sigma_Commit_Crypto.Cyclic_Group_Ext
Sigma_Commit_Crypto.Commitment_Schemes
Sigma_Commit_Crypto.Sigma_Protocols
Sigma_Commit_Crypto.Discrete_Log
Sigma_Commit_Crypto.Uniform_Sampling
Sigma_Commit_Crypto.Xor
CRYSTALS-Kyber_Security.Lemmas_for_spmf
Game_Based_Crypto.IND_CPA_PK
Game_Based_Crypto.IND_CCA2_sym
Game_Based_Crypto.Pseudo_Random_Permutation
Game_Based_Crypto.IND_CCA2
Game_Based_Crypto.Pseudo_Random_Function
Game_Based_Crypto.PRF_UHF
Game_Based_Crypto.Diffie_Hellman
Game_Based_Crypto.Guessing_Many_One
Game_Based_Crypto.Unpredictable_Function
Game_Based_Crypto.PRF_UPF_IND_CCA
Game_Based_Crypto.CryptHOL_Tutorial
CRYSTALS-Kyber_Security.MLWE
CRYSTALS-Kyber_Security.Correct_new
Game_Based_Crypto.SUF_CMA
Game_Based_Crypto.RP_RF
Game_Based_Crypto.Hashed_Elgamal
Game_Based_Crypto.IND_CPA_PK_Single
Game_Based_Crypto.Elgamal
Game_Based_Crypto.IND_CPA
Game_Based_Crypto.PRF_IND_CPA
Game_Based_Crypto.Security_Spec
Game_Based_Crypto.Cryptographic_Constructions
Compressed_Oracles.Misc_Compressed_Oracle
Compressed_Oracles.Function_At
Compressed_Oracles.Invariant_Preservation
Compressed_Oracles.CO_Operations
Compressed_Oracles.Compressed_Oracle_Is_RO
Compressed_Oracles.Oracle_Programs
Compressed_Oracles.CO_Invariants
Oneway2Hiding.O2H_Additional_Lemmas
Oneway2Hiding.More_Kraus_Maps
Oneway2Hiding.Definition_O2H
Oneway2Hiding.Unitary_S_prime
Oneway2Hiding.Unitary_S
Oneway2Hiding.Run_Adversary
Oneway2Hiding.Purification
Oneway2Hiding.Definition_Pure_O2H
Oneway2Hiding.Run_Pure_B_count
Oneway2Hiding.Run_Pure_B
Oneway2Hiding.Pure_O2H
Oneway2Hiding.Limit_Process
Oneway2Hiding.Mixed_O2H
Diophantine_Universal_Pairs.Eleven_Unknowns_Z
Perron_Frobenius.Perron_Frobenius_Irreducible
Perron_Frobenius.Perron_Frobenius_General
Perron_Frobenius.Spectral_Radius_Largest_Jordan_Block
Perron_Frobenius.Spectral_Radius_Theory_2
Modular_arithmetic_LLL_and_HNF_algorithms.Uniqueness_Hermite
Multi_Party_Computation.Semi_Honest_Def
Multi_Party_Computation.Uniform_Sampling
Multi_Party_Computation.OT_Functionalities
Multi_Party_Computation.ETP
Multi_Party_Computation.ETP_OT
Multi_Party_Computation.OT14
Multi_Party_Computation.Malicious_Defs
Multi_Party_Computation.Cyclic_Group_Ext
Multi_Party_Computation.DH_Ext
Smith_Normal_Form.Mod_Type_Connect
Smith_Normal_Form.Smith_Normal_Form
Smith_Normal_Form.Diagonal_To_Smith
Smith_Normal_Form.SNF_Missing_Lemmas
Modular_arithmetic_LLL_and_HNF_algorithms.Uniqueness_Hermite_JNF
Smith_Normal_Form.Cauchy_Binet
Smith_Normal_Form.Smith_Normal_Form_JNF
Smith_Normal_Form.Admits_SNF_From_Diagonal_Iff_Bezout_Ring
Smith_Normal_Form.SNF_Algorithm
Smith_Normal_Form.Elementary_Divisor_Rings
Smith_Normal_Form.Diagonalize
Smith_Normal_Form.Diagonal_To_Smith_JNF
Smith_Normal_Form.SNF_Algorithm_Euclidean_Domain
Modular_arithmetic_LLL_and_HNF_algorithms.HNF_Mod_Det_Algorithm
Modular_arithmetic_LLL_and_HNF_algorithms.HNF_Mod_Det_Soundness
ABY3_Protocols.Additive_Sharing
ABY3_Protocols.Sharing_Lemmas
ABY3_Protocols.Spmf_Common
ABY3_Protocols.Multiplication
PNT_with_Remainder.PNT_Notation
PNT_with_Remainder.PNT_Remainder_Library
PNT_with_Remainder.PNT_Subsummable
PNT_with_Remainder.Perron_Formula
PNT_with_Remainder.Relation_of_PNTs
PNT_with_Remainder.PNT_Complex_Analysis_Lemmas
PNT_with_Remainder.Zeta_Zerofree
SCL_Simulates_Ground_Resolution.Background
SCL_Simulates_Ground_Resolution.ORD_RES
SCL_Simulates_Ground_Resolution.ORD_RES_1
SCL_Simulates_Ground_Resolution.Exhaustive_Factorization
SCL_Simulates_Ground_Resolution.ORD_RES_2
SCL_Simulates_Ground_Resolution.Exhaustive_Resolution
SCL_Simulates_Ground_Resolution.ORD_RES_3
SCL_Simulates_Ground_Resolution.Implicit_Exhaustive_Factorization
SCL_Simulates_Ground_Resolution.ORD_RES_5
SCL_Simulates_Ground_Resolution.ORD_RES_7
SCL_Simulates_Ground_Resolution.ORD_RES_6
SCL_Simulates_Ground_Resolution.Clause_Could_Propagate
SCL_Simulates_Ground_Resolution.ORD_RES_8
SCL_Simulates_Ground_Resolution.ORD_RES_9
SCL_Simulates_Ground_Resolution.ORD_RES_4
SCL_Simulates_Ground_Resolution.ORD_RES_10
SCL_Simulates_Ground_Resolution.ORD_RES_11
Constructive_Cryptography.Resource
Constructive_Cryptography.Converter
Constructive_Cryptography.Converter_Rewrite
Constructive_Cryptography.Random_System
Constructive_Cryptography.Distinguisher
Constructive_Cryptography.Wiring
Constructive_Cryptography.Constructive_Cryptography
Constructive_Cryptography.System_Construction
Constructive_Cryptography.Message_Authentication_Code
Constructive_Cryptography.One_Time_Pad
Constructive_Cryptography.Secure_Channel
Constructive_Cryptography_CM.More_CC
Constructive_Cryptography_CM.Fold_Spmf
Constructive_Cryptography_CM.Observe_Failure
Constructive_Cryptography_CM.State_Isomorphism
Constructive_Cryptography_CM.Fused_Resource
Constructive_Cryptography_CM.Key
Constructive_Cryptography_CM.Channel
Constructive_Cryptography_CM.Construction_Utility
Constructive_Cryptography_CM.Concrete_Security
Constructive_Cryptography_CM.Asymptotic_Security
Constructive_Cryptography_CM.Diffie_Hellman_CC
Constructive_Cryptography_CM.One_Time_Pad
